date,pct_change,high,low,close,ma5,ma10,ma20,ma60
2005-01-07,,1009.0,984.795,997.606,,,,
2005-01-14,0.00256915,1019.48,993.123,1000.17,,,,
2005-01-21,-0.011648,991.839,951.427,988.519,,,,
2005-01-28,-0.0365253,1009.95,949.112,952.413,,,,
2005-02-04,0.0100954,967.936,911.933,962.028,980.1472,,,
2005-02-18,0.00284919,979.304,964.324,964.769,973.5798000000001,,,
2005-02-25,0.0615163,1035.47,964.471,1024.12,978.3698,,,
2005-03-04,-0.0204156,1028.33,996.362,1003.21,981.308,,,
2005-03-11,0.00620408,1034.62,999.111,1009.43,992.7113999999999,,,
2005-03-18,-0.059365,1016.54,945.597,949.509,990.2076000000001,985.1773999999999,,
2005-03-25,-0.0190541,952.756,914.541,931.417,983.5372,978.5585000000001,,
2005-04-01,-0.00415603,934.549,880.878,927.546,964.2224,971.2960999999999,,
2005-04-08,0.0236225,949.468,893.027,949.457,953.4718,967.3898999999999,,
2005-04-15,-0.0381123,957.342,911.318,913.271,934.24,963.4757,,
2005-04-22,-0.0611757,910.889,851.343,857.401,915.8184000000001,953.0129999999999,,
2005-04-29,-0.0114182,863.452,825.509,847.611,899.0572,941.2972000000002,,
2005-05-13,-0.0386179,851.209,791.103,814.878,876.5236000000001,920.3729999999999,,
2005-05-20,0.00521796,828.582,802.823,819.13,850.4582,901.9650000000001,,
2005-05-27,-0.0343438,817.668,788.817,790.998,826.0036,880.1217999999999,,
2005-06-03,-0.0316448,802.036,755.255,765.967,807.7167999999999,861.7675999999999,923.4725000000001,
2005-06-10,0.085693,858.746,751.321,831.605,804.5156000000001,851.7864,915.17245,
2005-06-17,-0.0378401,841.334,786.005,800.137,801.5674,839.0455,905.1707999999999,
2005-06-24,0.0163297,824.038,786.428,813.203,800.382,825.4200999999999,896.4050000000001,
2005-07-01,-0.0649912,838.42,758.707,760.352,794.2528,810.1282,886.80195,
2005-07-08,-0.0493166,756.033,722.283,722.854,785.6302,796.6735,874.8432499999999,
2005-07-15,-0.0115736,742.947,708.992,714.488,762.2068,783.3612,862.3291999999999,
2005-07-22,0.00973704,728.523,692.697,721.445,746.4684,774.0179,847.1954499999999,
2005-07-29,0.0324072,755.942,714.684,744.825,732.7927999999999,766.5874000000001,834.2762,
2005-08-05,0.0577236,787.926,742.896,787.819,738.2862000000001,766.2695,823.19565,
2005-08-12,0.0362609,839.521,790.179,816.386,756.9925999999999,771.3114,816.5395000000001,
2005-08-19,0.00549127,865.692,803.281,820.869,778.2688,770.2378,811.0121,
2005-08-26,0.0238308,842.297,809.461,840.431,802.066,774.2672,806.65635,
2005-09-02,0.03814,874.157,822.166,872.485,827.598,780.1954000000001,802.80775,
2005-09-09,0.00804369,894.739,857.758,879.503,845.9348,792.1105,801.11935,
2005-09-16,0.0433597,920.954,874.766,917.638,866.1852000000001,811.5889000000001,804.1312,
2005-09-23,-0.053495,931.894,866.949,868.549,875.7212,826.9950000000001,805.1781,
2005-09-30,0.00110529,877.662,849.886,869.509,881.5368000000001,841.8014000000001,807.90965,
2005-10-14,0.00752609,891.862,854.274,876.053,882.2504000000001,854.9242,810.7558,
2005-10-21,0.0216585,900.68,868.461,895.027,885.3552,865.6450000000001,815.95725,
2005-10-28,-0.0781697,899.436,814.117,825.063,866.8402,866.5127,818.91205,
2005-11-04,0.0121918,843.154,808.399,835.122,860.1548,867.9380000000001,819.0879,
2005-11-11,-0.0133705,852.027,814.721,823.956,851.0441999999999,866.2904999999998,820.2788499999999,
2005-11-18,0.0240086,845.7,808.212,843.738,844.5812,863.4158,821.8056,
2005-11-25,-0.00309101,849.304,828.066,841.13,833.8018,859.5785,825.8444999999999,
2005-12-02,-0.0276604,841.876,816.422,817.864,832.3620000000001,849.6011000000001,830.595,
2005-12-09,0.00163352,819.791,792.113,819.2,829.1776,844.6662,835.8306,
2005-12-16,0.0187219,837.477,815.351,834.537,831.2938,841.1690000000001,841.4852000000001,
2005-12-23,0.0132433,845.626,828.321,845.589,831.664,838.1226,846.5234,
2005-12-30,0.0171975,869.264,846.8,860.131,835.4642,834.633,850.1389999999999,
2006-01-06,0.0369816,896.055,859.305,891.94,850.2794,841.3207,853.9167,
2006-01-13,0.0454728,935.528,892.211,932.499,872.9392,851.0584000000001,859.4982,
2006-01-20,0.0217373,954.646,914.376,952.769,896.5856,863.9397000000001,865.1151,
2006-01-25,0.00526675,969.425,946.604,957.787,919.0252,875.3446,869.3802,
2006-02-10,0.0240283,989.696,960.316,980.801,943.1592,889.3117,874.4450999999999,
2006-02-17,-0.0314111,990.492,949.428,949.993,954.7698,902.5246000000001,876.06285,
2006-02-24,0.0180738,967.607,933.37,967.163,961.7026,917.3208999999999,880.9935500000001,
2006-03-03,-0.0131374,972.246,941.801,954.457,962.0402,929.3128999999999,885.24095,
2006-03-10,-0.0343378,957.204,913.713,921.683,954.8194,936.9223,887.52245,
2006-03-17,0.0239149,946.532,920.046,943.725,947.4042,945.2817000000001,889.95735,
2006-03-24,0.0323654,983.836,939.848,974.269,952.2593999999999,953.5145999999999,897.41765,879.9340666666667
2006-03-31,0.0266682,1007.99,969.67,1000.25,958.8768,960.2896999999999,905.67405,879.9781333333334
2006-04-07,0.067842,1068.17,1001.32,1068.11,981.6074000000001,971.8237999999999,917.8817500000001,881.1104666666668
2006-04-14,0.018793,1103.66,1053.89,1088.18,1014.9068,984.8630999999999,930.1038500000001,882.7714833333334
2006-04-21,0.0132,1106.54,1080.62,1102.55,1046.6717999999998,997.0379999999999,943.17485,885.2737666666667
2006-04-28,0.0354978,1146.38,1076.91,1141.69,1080.1560000000002,1016.2076999999999,959.3661499999998,888.2681333333334
2006-05-12,0.124371,1283.75,1148.08,1283.68,1136.842,1047.8594,982.59015,893.5833166666667
2006-05-19,0.0638556,1369.43,1289.15,1365.65,1196.3500000000001,1088.9787000000001,1009.1458,899.2754833333333
2006-05-26,-0.00742945,1396.49,1279.95,1355.5,1249.814,1132.3604,1034.64135,905.1469833333334
2006-06-02,0.0754422,1475.08,1352.98,1457.76,1320.8560000000002,1183.7639,1064.5228,912.6191500000001
2006-06-09,-0.0763375,1485.57,1326.78,1346.48,1361.8139999999999,1220.9850000000001,1087.2498,919.2353333333334
2006-06-16,0.0266836,1382.6,1328.87,1382.41,1381.56,1259.201,1109.7453500000001,926.7518833333335
2006-06-23,0.0347965,1430.63,1359.75,1430.51,1394.532,1295.441,1133.6324,935.1346166666666
2006-06-30,0.0387847,1501.27,1433.24,1485.99,1420.6299999999999,1335.222,1160.0425500000001,944.0768333333333
2006-07-07,0.0371859,1549.61,1475.02,1541.25,1437.328,1379.092,1188.065,954.5431500000001
2006-07-14,-0.0459276,1577.4,1435.75,1470.47,1462.126,1411.97,1214.0888499999999,964.7609666666666
2006-07-21,0.0153482,1506.59,1460.05,1493.04,1484.252,1432.906,1240.3826999999999,975.5181166666666
2006-07-28,-0.000617534,1531.69,1453.09,1492.11,1496.572,1445.5520000000001,1267.2653500000001,986.8053166666666
2006-08-04,-0.0920412,1487.78,1353.18,1354.78,1470.33,1445.48,1288.9202,995.7328166666666
2006-08-11,0.0319115,1401.33,1321.1,1398.01,1441.682,1439.5049999999999,1311.63445,1005.8496833333334
2006-08-18,-0.00937904,1407.31,1346.16,1384.9,1424.568,1443.3470000000002,1332.166,1016.1652333333334
2006-08-25,0.0261362,1429.24,1329.82,1421.09,1410.1779999999999,1447.2150000000001,1353.208,1025.9899833333334
2006-09-01,0.0217121,1482.41,1425.48,1451.95,1402.1460000000002,1449.359,1372.4,1036.8535333333334
2006-09-08,0.0151328,1497.54,1455.3,1473.92,1425.9740000000002,1448.152,1391.6870000000001,1047.8654833333335
2006-09-15,0.00730364,1490.42,1448.54,1484.69,1443.31,1442.496,1410.794,1059.9377833333333
2006-09-22,0.0166352,1523.75,1485.96,1509.39,1468.208,1446.388,1429.179,1073.0467166666667
2006-09-29,0.0274403,1552.31,1497.4,1550.8,1494.15,1452.1640000000002,1442.535,1086.98525
2006-10-13,0.0161581,1591.45,1560.32,1575.86,1518.932,1460.539,1453.0455,1101.2255
2006-10-20,0.0076409,1600.43,1562.04,1587.9,1541.7279999999998,1483.851,1464.6655,1115.2767500000002
2006-10-27,-0.0363007,1588.75,1524.97,1530.26,1550.842,1497.076,1468.2905,1127.6507666666666
2006-11-03,0.0126743,1553.68,1504.13,1549.66,1558.896,1513.5520000000001,1478.4495,1139.872
2006-11-10,-0.0327712,1547.01,1490.61,1498.87,1548.5099999999998,1521.33,1484.2724999999998,1151.1720166666667
2006-11-17,-0.0147618,1496.67,1422.74,1476.74,1528.6860000000001,1523.809,1486.584,1161.7771666666667
2006-11-24,0.0374296,1533.85,1450.34,1532.02,1517.51,1529.6190000000001,1488.8854999999999,1172.7694166666665
2006-12-01,0.0634379,1637.21,1530.66,1629.21,1537.3,1544.071,1493.2835,1185.2645333333335
2006-12-08,-0.0356149,1680.33,1570.72,1571.18,1541.604,1550.25,1498.319,1196.1568999999997
2006-12-15,0.0754132,1689.67,1565.95,1689.67,1579.764,1564.137,1508.1505000000002,1209.8422500000001
2006-12-22,0.0229187,1769.07,1681.44,1728.4,1630.096,1579.391,1519.965,1224.1571000000001
2006-12-29,-0.00130178,1755.7,1690.0,1726.15,1668.922,1593.216,1538.5335,1238.3253833333333
2007-01-05,0.0256809,1770.48,1712.74,1770.47,1697.1740000000002,1617.237,1557.1565,1252.9161
2007-01-12,0.0628521,2005.06,1773.02,1881.75,1759.288,1650.446,1581.9990000000003,1270.5275499999998
2007-01-19,0.147675,2159.65,1881.47,2159.64,1853.282,1716.523,1618.9265,1292.60285
2007-01-26,0.0123308,2295.26,2061.66,2186.27,1944.8560000000002,1787.476,1655.6425,1315.3080833333333
2007-02-02,-0.0270644,2280.73,2080.16,2127.1,2025.0459999999998,1846.984,1688.3015,1336.6974500000001
2007-02-09,0.0753514,2300.81,2118.87,2287.38,2128.428,1912.8010000000002,1728.4360000000001,1360.8016166666666
2007-02-16,0.111057,2581.56,2291.66,2541.41,2260.3599999999997,2009.824,1780.0369999999998,1389.5273833333333
2007-03-02,-0.0148461,2673.53,2369.05,2503.68,2329.168,2091.225,1827.6809999999998,1417.6020500000002
2007-03-09,0.053669,2662.33,2419.29,2638.05,2419.5240000000003,2182.19,1880.7904999999998,1447.6606
2007-03-16,0.0275999,2777.41,2610.4,2710.86,2536.2760000000003,2280.661,1936.9385000000002,1478.7484499999998
2007-03-23,0.0690334,2901.78,2609.31,2898.0,2658.4,2393.4139999999998,2005.3255000000001,1512.7129333333332
2007-03-30,0.00968254,3060.19,2859.73,2926.06,2735.33,2497.845,2074.1454999999996,1546.6149333333333
2007-04-06,0.0877426,3189.11,2932.64,3182.8,2871.154,2600.161,2158.342,1584.11995
2007-04-13,0.0552438,3419.99,3151.49,3358.63,3015.27,2717.397,2252.4365,1624.2176333333334
2007-04-20,0.0761501,3652.72,3356.02,3614.39,3195.976,2866.126,2356.555,1668.4943500000002
2007-04-27,0.0640274,3871.4,3667.55,3845.81,3385.5380000000005,3021.969,2467.385,1716.2445
2007-04-30,0.0150501,3909.04,3809.97,3903.69,3581.064,3158.197,2584.0105,1765.4727833333334
2007-05-11,0.0526963,4146.59,3918.75,4109.4,3766.3839999999996,3318.7690000000002,2704.9970000000003,1817.8434
2007-05-18,0.0306103,4261.46,3929.51,4235.19,3941.696,3478.483,2830.3365000000003,1872.5222833333332
2007-05-25,0.0979106,4665.98,4076.52,4649.86,4148.789999999999,3672.3830000000003,2976.522,1934.6585666666665
2007-06-01,-0.148267,4853.88,3945.4,3960.44,4171.715999999999,3778.6269999999995,3086.0204999999996,1984.9371500000002
2007-06-08,0.0107135,4036.88,3317.87,4002.87,4191.552,3886.308,3192.0765,2035.4138333333333
2007-06-15,0.0783588,4399.52,3945.68,4316.53,4232.978,3999.6809999999996,3299.921,2090.6851666666666
2007-06-22,-0.044786,4589.22,4050.67,4123.21,4210.582,4076.139,3396.768,2141.6035
2007-06-29,-0.130413,4184.33,3527.32,3585.49,3997.708,4073.249,3469.6875,2183.2253333333333
2007-07-06,0.00164273,3716.5,3309.15,3591.38,3923.8959999999997,4047.8059999999996,3534.8875,2224.7058333333334
2007-07-13,0.0179513,3737.69,3564.15,3655.85,3854.4919999999997,4023.022,3590.6095,2266.6085
2007-07-20,0.03635,3791.31,3492.26,3788.74,3748.9339999999997,3990.9559999999997,3654.8625,2308.3595
2007-07-27,0.126963,4269.85,3813.98,4269.77,3778.2460000000005,3994.4139999999998,3736.4485,2356.7615
2007-08-03,0.0323858,4435.24,4155.48,4408.05,3942.7580000000003,3970.2329999999993,3821.308,2407.6373333333336
2007-08-10,-0.013439,4510.08,4243.74,4348.81,4094.244,4009.0700000000006,3893.8485,2455.8215
2007-08-17,0.00967391,4482.73,4257.38,4390.88,4241.250000000001,4047.871,3967.0894999999996,2506.5614999999993
2007-08-24,0.0801821,4765.17,4468.85,4742.95,4432.092,4090.5130000000004,4045.097,2562.5705000000003
2007-08-31,0.0326147,4914.96,4630.42,4897.64,4557.666,4167.956,4122.0475,2620.356
2007-09-07,0.00849184,5080.34,4900.54,4939.23,4663.902,4303.33,4188.289500000001,2677.9100000000003
2007-09-14,-0.00051425,5054.09,4590.27,4936.69,4781.478,4437.861,4242.8335,2734.500666666667
2007-09-21,0.0186664,5114.96,4919.7,5028.84,4909.07,4575.16,4299.091,2793.8068333333335
2007-09-28,0.0108991,5099.06,4898.23,5083.65,4977.210000000001,4704.651,4347.8035,2853.650333333333
2007-10-12,-0.0378193,5178.6,4662.11,4891.39,4975.96,4766.813,4380.6135,2910.305
2007-10-19,-0.0158319,4955.68,4774.24,4813.95,4950.9039999999995,4807.403,4388.818,2967.9578333333334
2007-10-26,-0.121522,4812.22,4126.57,4228.95,4809.356,4795.4169999999995,4402.2435,3015.1401666666666
2007-11-02,0.0238073,4557.64,4211.15,4329.63,4669.514,4789.2919999999995,4418.5815,3064.219
2007-11-09,-0.0407402,4432.36,4098.3,4153.24,4483.431999999999,4730.321000000001,4410.417,3109.754833333333
2007-11-16,0.0154072,4275.24,3996.16,4217.23,4348.6,4662.28,4415.118,3155.8428333333336
2007-11-23,-0.0055131,4399.81,4067.41,4193.98,4224.606,4587.755,4445.5425,3201.177166666667
2007-11-30,-0.0169409,4266.98,4057.74,4122.93,4203.402,4506.378999999999,4472.120000000001,3245.1478333333334
2007-12-07,0.0580388,4362.22,4101.1,4362.22,4209.92,4439.717,4507.4385,3292.695
2007-12-14,0.0314771,4573.52,4288.5,4499.53,4279.178,4381.305,4542.978,3341.8405
2007-12-21,0.0426711,4692.12,4453.77,4691.53,4374.038,4361.319,4564.066000000001,3393.7683333333334
2007-12-28,0.0545813,4987.21,4724.08,4947.6,4524.762,4374.684,4591.0435,3449.763333333334
2008-01-04,0.0597118,5246.11,4960.35,5243.03,4748.781999999999,4476.092,4635.7545,3511.6428333333333
2008-01-11,0.0255139,5438.31,5158.12,5376.8,4951.698,4580.809,4685.050499999999,3575.4285
2008-01-18,-0.0110382,5495.39,5106.92,5317.45,5115.281999999999,4697.2300000000005,4713.775500000001,3639.0715
2008-01-25,-0.0415161,5343.87,4624.94,5096.69,5196.314,4785.176,4723.728,3699.4040000000005
2008-02-01,-0.125525,5073.63,4308.52,4456.93,5098.18,4811.471,4699.612999999999,3748.1524999999997
2008-02-05,0.0857249,4889.38,4570.11,4839.0,5017.374000000001,4883.0779999999995,4694.7285,3801.649
2008-02-15,0.00971688,4929.77,4749.15,4886.02,4919.218,4935.4580000000005,4687.5875,3856.896333333333
2008-02-22,0.029304,5184.15,4938.73,5029.2,4861.567999999999,4988.425,4684.865,3912.5551666666665
2008-02-29,0.005651,5068.98,4729.85,5057.62,4853.754,5025.034,4693.1765,3968.0421666666666
2008-03-07,0.0115272,5296.26,5014.28,5115.92,4985.552,5041.866,4708.275,4024.5383333333334
2008-03-14,-0.0886644,5122.54,4589.51,4662.32,4950.215999999999,4983.795,4729.9435,4072.735833333333
2008-03-21,-0.055007,4642.73,3926.46,4405.86,4854.183999999999,4886.700999999999,4733.755,4114.8043333333335
2008-03-28,-0.0373162,4489.46,3948.85,4241.45,4696.634,4779.101000000001,4738.1655,4149.501166666666
2008-04-03,-0.153884,4200.76,3392.08,3588.76,4402.861999999999,4628.307999999999,4706.742,4172.876
2008-04-11,0.076238,3960.77,3506.78,3862.36,4152.15,4568.851,4690.161,4201.7970000000005
2008-04-18,-0.135692,3779.25,3333.11,3338.27,3887.34,4418.778,4650.928,4219.311833333333
2008-04-25,0.125233,3873.33,3093.67,3756.33,3757.4339999999997,4305.808999999999,4620.6335,4239.5605
2008-04-30,0.039094,3910.41,3667.58,3903.18,3689.7799999999997,4193.207,4590.816,4262.8855
2008-05-09,0.0212801,4086.43,3796.55,3986.24,3769.2760000000003,4086.0690000000004,4555.5515,4285.355333333334
2008-05-16,0.0214914,4230.77,3893.39,4071.91,3811.186,3981.668,4511.767000000001,4308.0395
2008-05-23,-0.0594954,4100.56,3663.2,3829.65,3909.4619999999995,3898.4010000000003,4441.098,4323.567
2008-05-30,-0.0193281,3864.81,3679.0,3755.63,3909.322,3833.3779999999997,4360.039500000001,4337.393166666667
2008-06-06,-0.0334724,3804.79,3607.24,3629.92,3854.6699999999996,3772.225,4275.663,4344.845166666667
2008-06-13,-0.161108,3487.05,3042.5,3045.11,3666.4440000000004,3717.8600000000006,4173.084000000001,4339.619833333333
2008-06-20,-0.0922233,3076.44,2596.84,2764.28,3404.918,3608.0520000000006,4088.4515,4325.451333333333
2008-06-27,0.0102848,3041.37,2693.06,2792.71,3197.53,3553.496,3986.1369999999997,4307.899666666666
2008-07-04,0.0531312,2979.8,2737.75,2941.09,3034.6220000000003,3471.972,3888.8905,4291.856333333333
2008-07-11,0.0651595,3264.02,2948.69,3132.73,2935.184,3394.9269999999997,3794.067,4275.5785
2008-07-18,-0.0373253,3231.37,2855.92,3015.8,2929.322,3297.8830000000003,3691.976,4255.255333333333
2008-07-25,0.0518503,3206.38,2982.51,3172.17,3010.9,3207.9090000000006,3594.7885,4230.627166666667
2008-08-01,-0.0341596,3229.16,2958.03,3063.81,3065.1200000000003,3131.325,3514.863,4215.683333333333
2008-08-08,-0.114841,3067.04,2709.96,2711.96,3019.2940000000003,3026.958,3430.168,4194.168166666666
2008-08-15,-0.0878479,2699.09,2369.38,2473.72,2887.4919999999997,2911.338,3341.7815,4163.4546666666665
2008-08-22,-0.0368676,2535.06,2235.71,2382.52,2760.8360000000002,2845.079,3281.4695,4134.443166666667
2008-08-29,-0.0316304,2413.88,2180.94,2307.16,2587.834,2799.367,3203.7095,4113.1376666666665
2008-09-05,-0.0686645,2290.41,2145.66,2148.74,2404.82,2734.97,3144.2329999999997,4089.0936666666666
2008-09-12,-0.05123,2160.86,2021.82,2038.66,2270.16,2644.727,3058.3495000000003,4062.1405000000004
2008-09-19,0.0236283,2086.83,1797.08,2086.83,2192.782,2540.1369999999997,2967.532,4033.775333333333
2008-09-26,0.0235621,2276.66,1984.23,2136.0,2143.478,2452.157,2875.0199999999995,3998.2125
2008-10-10,-0.139794,2096.35,1836.5,1837.4,2049.526,2318.68,2763.2945,3955.368333333333
2008-10-17,-0.0604114,1941.1,1696.72,1726.4,1965.0580000000002,2184.939,2658.132,3911.6614999999997
2008-10-24,0.00856117,1824.38,1705.57,1741.18,1905.562,2087.861,2557.4095,3867.4998333333338
2008-10-31,-0.102896,1711.82,1553.49,1562.02,1800.6,1996.691,2454.0145,3814.4843333333333
2008-11-07,-0.000512157,1573.52,1488.65,1561.22,1685.6440000000002,1914.5610000000001,2379.8199999999997,3758.877333333333
2008-11-14,0.196174,1867.49,1585.29,1867.49,1691.6620000000003,1870.5939999999998,2334.9805,3707.6816666666664
2008-11-21,0.0286749,1990.3,1803.41,1921.04,1730.5900000000001,1847.8239999999998,2291.397,3657.420833333333
2008-11-28,-0.0414307,1965.65,1780.91,1841.45,1750.6439999999998,1828.1029999999998,2236.415,3604.297666666667
2008-12-05,0.139678,2110.67,1820.53,2098.66,1857.9720000000002,1829.286,2184.7115,3554.5478333333335
2008-12-12,-0.0317679,2203.29,2001.18,2031.99,1952.1259999999997,1818.8849999999998,2135.5209999999997,3506.891166666667
2008-12-19,0.0802169,2216.89,2008.41,2194.99,2017.6260000000002,1854.6440000000002,2086.662,3463.241833333333
2008-12-26,-0.0962328,2213.0,1966.54,1983.76,2030.17,1880.3799999999999,2032.6595000000002,3425.822
2008-12-31,-0.0223465,2004.64,1928.07,1939.43,2049.766,1900.205,1994.0330000000001,3385.985333333333
2009-01-09,0.0867987,2120.21,1962.62,2107.77,2051.5879999999997,1954.78,1975.7355,3351.8941666666665
2009-01-16,0.0416839,2228.9,2078.06,2195.63,2084.316,2018.221,1966.3910000000003,3318.2008333333333
2009-01-23,0.0193339,2265.42,2166.08,2238.08,2092.934,2055.2799999999997,1962.937,3285.6025
2009-02-06,0.114232,2496.59,2245.26,2493.74,2194.93,2112.55,1980.1870000000004,3258.449333333333
2009-02-13,0.124821,2808.48,2500.54,2805.01,2368.046,2208.906,2018.5044999999998,3232.4958333333334
2009-02-20,-0.00999996,2854.56,2629.34,2776.96,2501.8839999999996,2276.736,2053.0109999999995,3203.786333333333
2009-02-27,-0.129642,2884.01,2396.31,2416.95,2546.148,2315.232,2067.0585,3165.8766666666666
2009-03-06,0.0978589,2710.02,2382.02,2653.47,2629.2259999999997,2361.0800000000004,2107.862,3127.641166666667
2009-03-13,-0.0315964,2692.75,2498.25,2569.63,2644.404,2419.667,2150.0235000000002,3083.0844999999995
2009-03-20,0.0834673,2802.71,2539.91,2784.11,2640.2239999999997,2504.1349999999998,2202.17,3039.873
2009-03-27,0.0336804,2894.51,2746.79,2877.88,2660.4080000000004,2581.1459999999997,2267.9629999999997,2999.2135
2009-04-03,0.0195873,2996.39,2808.61,2934.25,2763.868,2655.0080000000003,2336.6145,2963.172833333333
2009-04-10,0.0256045,3012.25,2838.63,3009.38,2835.05,2732.138,2393.709,2939.047
2009-04-17,0.0365657,3182.58,3019.16,3119.42,2945.0080000000003,2794.7059999999997,2453.6279999999997,2910.387333333333
2009-04-24,-0.0264985,3235.45,2978.65,3036.76,2995.5379999999996,2817.8810000000003,2513.3935,2879.5663333333337
2009-04-30,0.0162871,3096.76,2897.8,3086.22,3037.206,2848.807,2562.7715,2847.1833333333334
2009-05-08,0.0555275,3285.77,3096.39,3257.59,3101.8740000000003,2932.871,2624.0515,2817.1828333333333
2009-05-15,0.00403673,3285.45,3101.32,3270.74,3154.146,2994.598,2677.839,2786.429833333333
2009-05-22,-0.00495607,3343.66,3211.39,3254.53,3181.168,3063.088,2741.3774999999996,2762.9666666666667
2009-05-27,0.00682741,3319.12,3152.54,3276.75,3229.1659999999997,3112.352,2808.2434999999996,2744.1481666666664
2009-06-05,0.0241184,3393.08,3296.12,3355.78,3283.078,3160.1420000000003,2870.6440000000002,2729.387
2009-06-12,-0.0137643,3422.13,3281.25,3309.59,3293.478,3197.6760000000004,2926.3419999999996,2724.7341666666666
2009-06-19,0.0376059,3448.84,3296.58,3434.05,3326.1400000000003,3240.143,2986.1405000000004,2717.5956666666666
2009-06-26,0.00419621,3454.9,3353.02,3448.46,3364.9260000000004,3273.047,3033.8765000000003,2719.4321666666665
2009-07-03,0.0395539,3584.86,3439.77,3584.86,3426.5480000000002,3327.857,3072.869,2716.5743333333335
2009-07-10,0.0376891,3747.12,3557.67,3719.97,3499.386,3391.232,3120.0195000000003,2713.5208333333335
2009-07-17,0.0357234,3873.33,3705.43,3852.86,3608.04,3450.7590000000005,3191.815,2711.297833333333
2009-07-24,0.0143037,3952.32,3814.92,3907.97,3702.8239999999996,3514.482,3254.54,2708.5654999999997
2009-07-31,0.00527384,4023.01,3670.91,3928.58,3798.8480000000004,3581.887,3322.4875,2710.214333333333
2009-08-07,-0.00902362,4099.53,3875.76,3893.13,3860.5019999999995,3643.525,3377.9385,2712.506
2009-08-14,-0.0728026,3970.18,3609.66,3609.7,3838.4480000000003,3668.9170000000004,3414.5294999999996,2712.1690000000003
2009-08-21,-0.0392443,3571.82,3215.55,3468.04,3761.4839999999995,3684.7619999999997,3441.219,2719.2178333333336
2009-08-28,0.0182726,3662.47,3384.45,3531.41,3686.172,3694.4980000000005,3467.3205000000003,2732.003333333333
2009-09-04,-0.0119924,3509.28,3195.85,3489.06,3598.268,3698.5579999999995,3485.8025000000002,2743.609166666667
2009-09-11,0.0437826,3659.44,3473.18,3641.82,3548.006,3704.254,3516.0555,2755.288
2009-09-18,0.0268849,3892.17,3652.58,3739.73,3574.012,3706.2300000000005,3548.7310000000007,2765.404666666667
2009-09-25,-0.0542606,3834.73,3477.41,3536.81,3587.7659999999996,3674.625,3562.6920000000005,2774.088166666667
2009-09-30,-0.0385065,3581.98,3306.38,3400.62,3561.608,3623.8900000000003,3569.186,2777.8956666666663
2009-10-09,0.0517023,3576.64,3454.8,3576.44,3579.084,3588.6759999999995,3585.2815,2786.4395
2009-10-16,0.0392737,3733.28,3555.95,3716.9,3594.1,3571.053,3607.2889999999998,2803.1884999999997
2009-10-23,0.0515322,3926.19,3714.49,3908.44,3627.8419999999996,3600.9270000000006,3634.922,2827.1005
2009-10-30,-0.020663,3925.42,3761.78,3827.68,3686.0159999999996,3636.8909999999996,3660.8265,2851.1864999999993
2009-11-06,0.082938,4175.5,3738.7,4145.14,3834.9199999999996,3698.264,3696.3810000000003,2881.8195
2009-11-13,0.0294007,4267.01,4120.39,4267.01,3973.0339999999997,3776.0589999999997,3737.3085,2917.1240000000003
2009-11-20,0.0565455,4541.27,4295.72,4508.29,4131.312,3862.7059999999997,3783.4799999999996,2958.2844999999998
2009-11-27,-0.0649803,4611.89,4187.59,4215.34,4192.692000000001,3910.2670000000007,3808.2485,2993.759666666667
2009-12-04,0.0689719,4651.15,4251.96,4506.08,4328.372,4007.1939999999995,3840.9095,3033.261
2009-12-11,0.00636473,4598.1,4474.1,4534.76,4406.296,4120.608,3872.249,3078.217
2009-12-18,-0.0730535,4545.35,4194.96,4203.48,4393.59,4183.312,3885.9939999999997,3119.5016666666666
2009-12-25,0.0410874,4398.46,4124.08,4376.19,4367.17,4249.241,3910.147,3163.4184999999998
2009-12-31,0.0249212,4487.45,4388.27,4485.25,4421.152,4306.9220000000005,3953.9245,3212.139
2010-01-08,0.00651023,4595.1,4426.23,4514.45,4422.826,4375.599,4006.245,3261.3595
2010-01-15,0.0516563,4753.19,4502.99,4747.65,4465.4039999999995,4435.85,4067.057,3309.362166666667
2010-01-22,-0.044184,4852.33,4453.69,4537.88,4532.284,4462.937,4119.498,3352.976166666667
2010-01-29,-0.0359705,4542.79,4229.52,4374.65,4531.976,4449.572999999999,4156.1395,3395.1961666666666
2010-02-05,-0.0144834,4445.75,4160.35,4311.29,4497.183999999999,4459.168,4184.7175,3432.0733333333333
2010-02-12,0.0243384,4418.54,4279.66,4416.22,4477.538,4450.182,4228.688,3471.8105
2010-02-26,0.0494654,4656.93,4352.44,4634.67,4454.942,4460.173,4290.3904999999995,3512.4718333333335
2010-03-05,-0.00649021,4780.02,4550.1,4604.59,4468.284,4500.284,4341.798,3556.152333333333
2010-03-12,-0.0242649,4674.51,4489.53,4492.86,4491.9259999999995,4511.951,4380.596,3598.7095
2010-03-19,0.0380693,4665.91,4426.19,4663.9,4562.448,4529.816000000001,4418.369000000001,3641.311666666667
2010-03-26,0.00493793,4697.73,4601.69,4686.93,4616.59,4547.064,4461.331499999999,3682.8333333333335
2010-04-02,0.0333353,4851.94,4682.41,4843.17,4658.289999999999,4556.616,4496.232999999999,3726.2515
2010-04-09,0.0198238,4939.41,4814.25,4939.18,4725.2080000000005,4596.746,4529.8415,3767.0088333333333
2010-04-16,-0.00820177,4993.37,4793.28,4898.67,4806.370000000001,4649.147999999999,4549.360500000001,3801.9031666666665
2010-04-23,-0.00704477,4950.49,4607.2,4864.16,4846.4220000000005,4704.435,4581.8015,3836.6898333333334
2010-04-30,-0.0874725,4904.97,4350.15,4438.68,4796.772,4706.6810000000005,4578.4315,3870.385333333333
2010-05-07,-0.0198077,4583.18,4285.47,4350.76,4698.29,4678.289999999999,4569.2315,3898.6734999999994
2010-05-14,-0.0381359,4391.03,3974.1,4184.84,4547.4220000000005,4636.3150000000005,4568.2995,3925.593666666667
2010-05-21,-0.048377,4132.38,3768.1,3982.39,4364.165999999999,4585.268,4548.6095000000005,3945.565
2010-05-28,0.0635121,4270.17,4016.35,4235.32,4238.397999999999,4542.41,4536.112999999999,3968.189
2010-06-04,-0.0345405,4259.16,3933.39,4089.03,4168.468,4482.62,4514.842,3987.4353333333333
2010-06-11,0.0266494,4261.16,3985.15,4198.0,4137.916,4418.103,4487.3595000000005,4007.2456666666667
2010-06-18,-0.0537661,4237.1,3945.73,3972.29,4095.4060000000004,4321.414,4459.08,4021.4601666666667
2010-06-25,0.0141329,4138.78,3924.42,4028.43,4104.6140000000005,4234.39,4441.768999999999,4037.988
2010-07-02,-0.109931,4036.43,3430.36,3585.58,3974.666,4106.532,4405.4835,4046.3106666666663
2010-07-09,0.0619202,3817.67,3498.9,3807.6,3918.38,4043.424,4375.0525,4055.4775
2010-07-16,-0.0131763,3866.78,3672.02,3757.43,3830.2659999999996,3984.0910000000003,4331.1905,4063.589
2010-07-23,0.0686746,4028.51,3701.93,4015.47,3838.9019999999996,3967.154,4301.7345000000005,4076.271333333333
2010-07-30,0.0437458,4203.64,4011.75,4191.13,3871.442,3988.028,4286.648,4091.511
2010-08-06,0.0393402,4356.21,4137.65,4356.01,4025.528,4000.097,4271.2535,4108.181500000001
2010-08-13,-0.00756656,4417.2,4212.21,4323.05,4128.618,4023.4990000000007,4253.0595,4125.0725
2010-08-20,0.0100739,4491.74,4315.02,4366.6,4250.452,4040.3590000000004,4229.231000000001,4140.615
2010-08-27,0.0148491,4476.26,4355.03,4431.44,4333.646,4086.274,4203.844,4156.9980000000005
2010-09-03,0.0522449,4671.34,4453.05,4662.96,4428.012000000001,4149.727000000001,4192.0585,4174.966333333333
2010-09-10,0.00908221,4746.03,4593.45,4705.31,4497.872,4261.7,4184.116,4191.388666666667
2010-09-17,-0.0216394,4821.55,4558.4,4603.49,4553.96,4341.289,4192.3565,4203.899166666667
2010-09-21,-0.0123319,4622.51,4516.61,4546.72,4589.9839999999995,4420.218,4202.1545,4214.545
2010-09-30,0.0250488,4695.04,4553.96,4660.61,4635.818,4484.732,4225.943,4226.7455
2010-10-08,0.0230356,4787.45,4691.64,4767.97,4656.82,4542.416,4265.222,4241.326166666667
2010-10-15,-0.0160488,4848.86,4638.24,4691.45,4654.048,4575.96,4288.0285,4259.355333333334
2010-10-22,0.0397489,4892.62,4545.07,4877.93,4708.936,4631.448,4327.4735,4282.8535
2010-10-29,0.0364007,5088.85,4894.81,5055.49,4810.6900000000005,4700.3369999999995,4370.348,4308.254833333333
2010-11-05,0.0506934,5313.48,5072.76,5311.77,4940.9220000000005,4788.370000000001,4437.322,4338.633333333333
2010-11-12,-0.0377614,5581.35,5094.8,5111.19,5009.566,4833.193000000001,4491.460000000001,4363.122833333333
2010-11-19,-0.00590078,5288.97,4814.42,5081.03,5087.482,4870.765,4566.2325,4385.477833333333
2010-11-26,0.0288564,5278.32,4970.49,5227.65,5157.426,4933.181,4637.235,4413.6585000000005
2010-12-03,-0.0243475,5273.79,4960.71,5100.37,5166.402,4988.546,4704.382,4441.987666666667
2010-12-10,-0.0119991,5133.25,4931.88,5039.17,5111.882,5026.402,4755.567,4466.3665
2010-12-17,0.0375399,5276.14,5063.01,5228.34,5135.312,5072.439,4807.4275,4491.5571666666665
2010-12-24,-0.0452916,5264.21,4947.22,4991.54,5117.414,5102.448,4839.204,4509.608833333333
2010-12-31,-0.0109826,5048.6,4700.56,4936.72,5059.228,5108.327,4869.8875,4528.092833333333
2011-01-07,0.0077825,5047.26,4938.94,4975.14,5034.182,5100.292,4900.3144999999995,4541.926166666667
2011-01-14,-0.0505936,4970.42,4719.15,4723.43,4971.034,5041.4580000000005,4914.914,4549.533166666667
2011-01-21,-0.0459645,4691.57,4445.23,4506.32,4826.63,4980.971,4907.082,4549.5003333333325
2011-01-28,0.00929583,4559.36,4307.91,4548.21,4737.964,4927.689,4899.227000000001,4555.0481666666665
2011-02-01,0.0181104,4638.61,4536.19,4630.58,4676.736,4867.982000000001,4900.5815,4557.123166666667
2011-02-11,0.0337388,4803.1,4584.9,4786.81,4639.070000000001,4836.626,4912.586,4561.324
2011-02-18,0.0323013,4990.75,4792.85,4941.43,4682.67,4826.852000000001,4926.6269999999995,4573.623166666667
2011-02-25,0.0184906,5058.75,4891.25,5032.8,4787.966,4807.298,4939.8685,4584.566666666667
2011-03-04,0.00691861,5143.77,4989.65,5067.62,4891.848,4814.906,4958.677,4594.272833333333
2011-03-11,0.0142335,5200.7,5085.46,5139.75,4993.682,4835.209,4971.768,4604.6945
2011-03-18,-0.00249428,5200.06,5016.88,5126.93,5061.706,4850.388,4975.34,4611.015833333334
2011-03-25,0.016661,5218.06,5020.75,5212.35,5115.89,4899.28,4970.369000000001,4622.2570000000005
2011-04-01,-0.0282541,5231.73,4985.02,5065.08,5122.346,4955.156,4968.063499999999,4633.764166666666
2011-04-08,0.0165289,5149.05,5019.49,5148.8,5138.582,5015.215,4971.451999999999,4647.7226666666675
2011-04-15,0.00264528,5175.24,5069.39,5162.42,5143.116,5068.399,4968.1905,4660.159333333333
2011-04-22,0.000523011,5193.21,5095.6,5165.12,5150.754,5106.2300000000005,4971.428000000001,4669.000166666667
2011-04-29,-0.0635513,5152.07,4738.45,4836.87,5075.658,5095.773999999999,4961.313,4672.871499999999
2011-05-06,0.00270836,4920.71,4764.84,4849.97,5032.636,5077.491,4942.3945,4678.823333333334
2011-05-13,0.0108434,4949.02,4817.83,4902.56,4983.388,5060.985000000001,4937.9455,4682.801
2011-05-20,-0.0080305,4931.13,4823.06,4863.19,4923.5419999999995,5033.329,4934.269,4685.738666666667
2011-05-27,-0.0893035,4853.92,4425.76,4428.89,4776.296,4963.525,4906.9565,4678.834
2011-06-03,0.0174558,4514.31,4339.08,4506.2,4710.161999999999,4892.910000000001,4896.094999999999,4671.617666666667
2011-06-10,-0.0082442,4568.29,4383.2,4469.05,4633.978,4833.307,4894.2315,4664.457333333334
2011-06-17,-0.0294649,4562.04,4332.49,4337.37,4520.9400000000005,4752.164,4883.6894999999995,4655.6775
2011-06-24,0.0396116,4533.71,4251.11,4509.18,4450.138000000001,4686.84,4877.6195,4656.8525
2011-07-01,0.0211945,4635.25,4506.74,4604.75,4485.31,4630.803,4868.5165,4661.085666666667
2011-07-08,0.032979,4813.34,4617.95,4756.61,4535.392,4622.777,4859.275500000001,4670.615166666667
2011-07-15,0.0293129,4896.1,4727.67,4896.04,4620.789999999999,4627.384,4852.4375,4685.842666666666
2011-07-22,-0.0194239,4919.14,4781.41,4800.94,4713.503999999999,4617.222,4839.1035,4695.269666666666
2011-07-29,-0.0359555,4784.97,4576.93,4628.32,4737.331999999999,4593.735,4813.532000000001,4704.257833333334
2011-08-05,-0.014973,4671.0,4472.62,4559.02,4728.186,4606.7480000000005,4785.1365,4710.274833333334
2011-08-12,-0.0116538,4526.5,4113.01,4505.89,4678.0419999999995,4606.717,4749.813499999999,4719.168166666666
2011-08-19,-0.0246056,4587.14,4325.04,4395.02,4577.838000000001,4599.314,4716.3105000000005,4725.278
2011-08-26,0.0308076,4541.46,4348.67,4530.42,4523.7339999999995,4618.619000000001,4685.3915,4741.025333333333
2011-09-02,-0.0409322,4541.56,4317.64,4344.98,4467.066,4602.199,4644.5195,4749.9816666666675
2011-09-09,-0.0255997,4328.21,4185.8,4233.75,4402.012,4565.099,4597.950999999999,4757.9203333333335
2011-09-16,-0.00447121,4249.54,4111.12,4214.82,4343.798,4510.92,4566.8485,4761.242833333334
2011-09-23,-0.0230354,4279.12,4061.83,4117.73,4288.339999999999,4433.089,4530.2365,4760.019499999999
2011-09-30,-0.0633602,4138.35,3818.25,3856.83,4153.622,4338.678,4477.95,4751.699833333334
2011-10-14,0.0332812,4009.78,3768.11,3985.19,4081.6639999999998,4274.365,4434.05,4746.068833333334
2011-10-21,-0.0786638,4024.24,3669.69,3671.7,3969.254,4185.633,4396.1905,4734.487166666667
2011-10-28,0.0836397,3978.8,3605.94,3978.8,3922.05,4132.924,4369.8205,4726.943166666667
2011-11-04,0.0382854,4150.04,3919.69,4131.13,3924.7300000000005,4106.535000000001,4352.9245,4718.079333333333
2011-11-11,-0.0167,4159.97,4025.72,4062.14,3965.792,4059.707,4339.1630000000005,4707.359833333333
2011-11-18,-0.0243418,4195.29,3955.06,3963.26,3961.4060000000004,4021.535,4311.867,4696.689333333333
2011-11-25,-0.0130953,3978.47,3880.58,3911.36,4009.3380000000006,3989.296,4277.1975,4686.1
2011-12-02,-0.0241144,3980.62,3776.59,3817.04,3976.986,3949.518,4230.218999999999,4672.0405
2011-12-09,-0.0401358,3807.05,3635.55,3663.84,3883.528,3904.129,4168.609,4653.638333333333
2011-12-16,-0.0645852,3675.95,3324.59,3427.21,3756.542,3861.1670000000004,4099.9225,4632.567666666667
2011-12-23,-0.0291257,3474.09,3196.84,3327.39,3629.368,3795.387,4034.876,4606.725333333334
2011-12-30,-0.0182185,3357.36,3128.15,3266.77,3500.45,3754.8940000000002,3970.2635,4576.913333333333
2012-01-06,-0.0548615,3300.01,3002.98,3087.55,3354.5519999999997,3665.7690000000002,3899.3465000000006,4539.843
2012-01-13,0.0473353,3388.39,3056.19,3233.7,3268.524,3576.0260000000003,3841.2805,4508.5515
2012-01-20,0.025327,3342.37,3110.36,3315.6,3246.202,3501.3720000000003,3780.5395000000003,4479.127666666667
2012-02-03,0.0203432,3390.33,3251.42,3383.05,3257.334,3443.351,3732.443,4448.384333333333
2012-02-10,0.0310903,3506.34,3333.64,3488.23,3301.626,3401.0379999999996,3695.1670000000004,4421.515333333333
2012-02-17,0.0220972,3607.75,3441.33,3565.31,3397.178,3375.8650000000002,3662.6915,4396.951
2012-02-24,0.0537148,3757.52,3533.11,3756.82,3501.8020000000006,3385.1630000000005,3644.6459999999997,4372.425666666666
2012-03-02,0.0100085,3822.26,3675.27,3794.42,3597.5660000000003,3421.8840000000005,3641.5255000000006,4352.473666666667
2012-03-09,0.0141497,3848.11,3707.79,3848.11,3690.578,3473.9559999999997,3634.6714999999995,4334.330166666667
2012-03-16,-0.0159793,3945.31,3635.68,3786.62,3750.2560000000003,3525.9410000000003,3640.4175000000005,4314.5215
2012-03-23,-0.0307636,3830.02,3652.23,3670.13,3771.22,3584.1989999999996,3624.9839999999995,4296.9664999999995
2012-03-30,-0.0690085,3699.16,3383.53,3416.86,3703.228,3602.5150000000003,3589.2704999999996,4278.8088333333335
2012-04-06,0.040145,3570.59,3412.44,3554.03,3655.15,3626.358,3563.8650000000002,4262.239166666667
2012-04-13,0.0340459,3695.13,3432.36,3675.03,3620.5339999999997,3655.5559999999996,3549.4535000000005,4246.3133333333335
2012-04-20,0.016691,3743.49,3629.82,3736.37,3610.4840000000004,3680.3700000000003,3540.704,4228.806
2012-04-27,-0.0191978,3739.15,3557.78,3664.64,3609.386,3690.303000000001,3533.0840000000003,4207.5261666666665
2012-05-04,0.0254759,3761.97,3674.96,3758.0,3677.614,3690.4210000000007,3537.792,4186.279500000001
2012-05-11,-0.0113385,3798.05,3713.31,3715.39,3709.886,3682.518,3552.201,4163.742333333334
2012-05-18,-0.0160225,3760.88,3643.79,3655.86,3706.0519999999997,3663.293,3568.6245000000004,4139.010833333334
2012-05-25,-0.00556367,3723.19,3616.91,3635.52,3685.882,3648.183,3587.0620000000004,4114.1539999999995
2012-06-01,0.02996,3775.37,3568.03,3744.44,3701.8419999999996,3655.614,3619.9065,4089.6888333333336
2012-06-08,-0.0481461,3707.31,3557.04,3564.16,3663.0739999999996,3670.3439999999996,3636.4294999999997,4064.6735
2012-06-15,0.0238008,3693.9,3554.19,3648.99,3649.7940000000003,3679.84,3653.0989999999997,4039.6766666666667
2012-06-21,-0.0159359,3691.93,3569.49,3590.84,3636.79,3671.421,3663.4885000000004,4013.4836666666665
2012-06-29,-0.0333822,3576.37,3392.75,3470.97,3603.8799999999997,3644.881,3662.6254999999996,3985.2478333333333
2012-07-06,0.00448866,3542.51,3397.87,3486.55,3552.3020000000006,3627.072,3658.6875,3962.7425000000003
2012-07-13,-0.0147624,3478.12,3351.56,3435.08,3526.486,3594.78,3642.6005000000005,3939.161
2012-07-20,-0.0189719,3434.6,3276.32,3369.91,3470.6699999999996,3560.232,3621.375,3913.6168333333335
2012-07-27,-0.0256149,3381.35,3269.23,3283.59,3409.22,3523.005,3593.1490000000003,3887.2901666666667
2012-08-03,-0.00722685,3294.65,3152.31,3259.86,3366.9979999999996,3485.439,3566.811,3867.8063333333334
2012-08-10,0.0417165,3405.25,3244.98,3395.85,3348.858,3450.5799999999995,3553.097,3849.3005
2012-08-17,-0.0321186,3386.03,3252.79,3286.78,3319.1980000000003,3422.8419999999996,3546.593,3829.5959999999995
2012-08-24,-0.00639836,3347.28,3247.58,3265.75,3298.3660000000004,3384.518,3532.178999999999,3811.7356666666665
2012-08-31,-0.0386588,3250.69,3083.37,3139.5,3269.548,3339.3840000000005,3505.4024999999992,3788.9076666666665
2012-09-07,0.0621628,3365.66,3131.16,3334.66,3284.5080000000003,3325.7529999999997,3485.317,3767.7395
2012-09-14,0.0010136,3385.72,3308.01,3338.04,3272.9460000000004,3310.9019999999996,3468.987,3744.0966666666664
2012-09-21,-0.0582168,3334.99,3137.39,3143.71,3244.332,3281.7650000000003,3438.2725,3714.891166666667
2012-09-28,0.0178261,3200.08,3062.7,3199.75,3231.132,3264.7490000000003,3412.4905,3688.2046666666665
2012-10-12,0.0127041,3296.92,3167.68,3240.4,3251.3120000000004,3260.4300000000003,3391.7175,3665.0726666666665
2012-10-19,0.0139026,3305.53,3193.99,3285.45,3241.4700000000003,3262.989,3374.214,3643.8465
2012-10-26,-0.0371821,3303.24,3142.28,3163.29,3206.5199999999995,3239.7329999999997,3345.1565,3621.4698333333336
2012-11-02,0.0272691,3251.77,3141.14,3249.55,3227.688,3236.0099999999998,3329.4259999999995,3602.3786666666665
2012-11-09,-0.0407964,3258.99,3103.85,3116.98,3211.134,3221.1330000000003,3302.8255,3578.8213333333333
2012-11-16,-0.0345944,3139.38,2987.7,3009.15,3164.8840000000005,3208.098,3273.741,3556.5575000000003
2012-11-23,-0.00122626,3035.28,2963.87,3005.46,3108.886,3175.178,3250.4655,3536.0860000000002
2012-11-30,-0.0628323,3006.79,2765.79,2816.62,3039.5519999999997,3123.036,3216.969,3512.7826666666665
2012-12-07,0.0474221,2954.69,2704.37,2950.19,2979.68,3103.684,3192.7245000000003,3493.323666666666
2012-12-14,0.0393331,3069.06,2939.15,3066.23,2969.53,3090.332,3177.5405,3480.147
2012-12-21,0.0113625,3144.26,3063.32,3101.07,2987.9139999999998,3076.399,3168.4145,3465.411666666667
2012-12-28,0.0432528,3244.94,3090.42,3235.2,3033.862,3071.3740000000003,3167.1815,3458.1366666666663
2013-01-04,0.00712475,3304.76,3226.95,3258.25,3122.1879999999996,3080.87,3160.3015,3446.1275
2013-01-11,0.00396839,3368.0,3245.46,3271.18,3186.386,3083.0330000000004,3159.5215,3431.795
2013-01-18,0.0591438,3466.53,3262.57,3464.65,3266.07,3117.8,3169.4665,3421.8368333333333
2013-01-25,-0.0290332,3492.22,3344.98,3364.06,3318.668,3153.291,3180.6945,3411.8501666666666
2013-02-01,0.0427014,3507.83,3362.22,3507.71,3373.1699999999996,3203.5159999999996,3189.347,3405.1226666666666
2013-02-08,0.0287595,3618.84,3457.43,3608.59,3443.2380000000003,3282.7129999999997,3202.8745000000004,3401.6485000000002
2013-02-22,-0.0166907,3639.36,3531.13,3548.36,3498.674,3342.53,3223.107,3399.723833333333
2013-03-01,0.0281989,3648.69,3506.76,3648.42,3535.428,3400.749,3245.5405,3403.410666666666
2013-03-08,-0.0213901,3654.11,3496.05,3570.38,3576.692,3447.6800000000003,3262.0395,3407.4605
2013-03-15,-0.0277758,3589.72,3413.18,3471.21,3569.392,3471.281,3271.3275,3410.867833333333
2013-03-22,0.0313176,3586.09,3378.91,3579.92,3563.6580000000004,3503.4480000000003,3292.1590000000006,3419.074
2013-03-29,-0.0370511,3590.81,3434.57,3447.28,3543.442,3521.058,3302.0455,3422.6336666666666
2013-04-03,-0.0145187,3504.28,3382.23,3397.23,3493.204,3514.316,3316.058,3423.994166666667
2013-04-12,-0.000797709,3455.69,3315.33,3394.52,3458.032,3517.362,3335.3265,3424.1853333333333
2013-04-19,0.0296714,3498.57,3302.24,3495.24,3462.8379999999997,3516.1150000000002,3359.8154999999997,3424.3021666666664
2013-04-26,-0.0364696,3511.72,3360.75,3367.77,3420.4080000000004,3492.0330000000004,3387.3730000000005,3421.009833333333
2013-05-03,0.0240129,3459.98,3345.44,3448.64,3420.6800000000003,3482.061,3412.2955,3415.8735
2013-05-10,0.0373162,3577.33,3456.28,3577.33,3456.7,3474.9519999999998,3437.8505000000005,3412.2553333333335
2013-05-17,0.0318869,3695.24,3524.58,3691.4,3516.0759999999996,3487.054,3467.3669999999997,3409.6435
2013-05-24,0.0245625,3795.17,3686.76,3782.07,3573.442,3518.1400000000003,3494.7104999999997,3409.567666666667
2013-05-31,0.0156396,3884.68,3770.65,3841.22,3668.132,3544.2700000000004,3523.8589999999995,3412.419166666667
2013-06-07,-0.0585777,3855.79,3593.97,3616.21,3701.6459999999997,3561.1629999999996,3541.1105000000002,3415.741666666667
2013-06-14,-0.00863611,3591.25,3446.25,3584.98,3703.1759999999995,3579.9379999999996,3547.1269999999995,3416.2575
2013-06-21,-0.0386334,3620.95,3347.76,3446.48,3654.192,3585.1339999999996,3551.2480000000005,3412.4483333333333
2013-06-28,-0.0610768,3439.87,2981.69,3235.98,3544.9739999999997,3559.208,3537.6614999999997,3404.1085000000003
2013-07-05,0.0418884,3427.98,3210.66,3371.53,3451.036,3559.5840000000003,3525.8085,3399.2233333333334
2013-07-12,0.0159008,3490.5,3210.73,3425.14,3412.822,3557.2340000000004,3519.6475,3393.6756666666665
2013-07-19,-0.00900109,3552.37,3394.31,3394.31,3374.6879999999996,3538.932,3506.942,3388.324333333333
2013-07-26,0.0294169,3575.0,3359.39,3494.16,3384.2239999999997,3519.208,3503.131,3385.629333333333
2013-08-02,0.0112903,3563.19,3349.55,3533.61,3443.75,3494.362,3506.251,3383.9308333333333
2013-08-09,0.0240915,3644.21,3528.85,3618.74,3493.192,3472.114,3508.192,3381.835833333333
2013-08-16,-0.0177935,3706.77,3550.82,3554.35,3519.0340000000006,3465.928,3513.5455,3381.6723333333334
2013-08-23,0.0207126,3654.73,3522.15,3627.97,3565.7659999999996,3470.227,3525.0824999999995,3381.322
2013-08-30,0.00997252,3740.13,3627.31,3664.15,3599.764,3491.9939999999997,3538.564,3382.5438333333336
2013-09-06,0.0351187,3799.07,3633.46,3792.83,3651.6079999999993,3547.679,3553.4435,3387.908166666667
2013-09-13,0.0150257,3876.77,3793.11,3849.82,3697.8240000000005,3595.5080000000003,3577.546,3393.9626666666663
2013-09-18,-0.00719514,3870.73,3776.7,3822.12,3751.3779999999997,3635.2059999999997,3596.22,3400.413333333333
2013-09-27,0.000167446,3930.6,3802.9,3822.76,3790.3360000000002,3678.0510000000004,3608.491499999999,3407.960833333333
2013-09-30,0.0131136,3873.49,3834.01,3872.89,3832.084,3715.924,3617.566,3417.7825000000003
2013-10-11,0.0397713,4027.32,3866.68,4026.92,3878.9019999999996,3765.2549999999997,3629.8085000000005,3430.566833333333
2013-10-18,-0.0139759,4080.11,3937.24,3970.64,3903.0660000000003,3800.4449999999997,3636.2795000000006,3440.146666666667
2013-10-25,-0.0374902,4089.1,3796.07,3821.78,3902.9980000000005,3827.1880000000006,3646.558,3449.0633333333335
2013-11-01,-0.0312237,3828.72,3600.43,3702.45,3878.936,3834.636,3652.4315,3456.3416666666667
2013-11-08,-0.0195843,3799.82,3618.93,3629.94,3830.346,3831.215,3661.6045,3464.5156666666667
2013-11-15,0.0293421,3766.36,3575.84,3736.45,3772.2519999999995,3825.5769999999998,3686.6279999999997,3471.2121666666667
2013-11-22,0.0284521,3880.72,3755.5,3842.76,3746.6760000000004,3824.871,3710.1894999999995,3479.624166666667
2013-11-29,0.026965,3947.91,3822.13,3946.38,3771.596,3837.297,3736.2515,3493.002
2013-12-06,-0.00699375,3959.11,3737.32,3918.78,3814.862,3846.899,3762.475,3504.985833333333
2013-12-13,0.00169696,3965.16,3878.33,3925.43,3873.96,3852.153,3784.0385,3516.4030000000002
2013-12-20,-0.0454549,3932.6,3736.4,3747.0,3876.0699999999997,3824.161,3794.708,3524.0955000000004
2013-12-27,0.0143501,3809.5,3687.4,3800.77,3867.672,3807.1740000000004,3803.8095000000003,3534.7201666666665
2014-01-03,0.00409128,3848.25,3789.82,3816.32,3841.66,3806.6279999999997,3816.9080000000004,3544.1663333333336
2014-01-10,-0.0491809,3806.59,3619.68,3628.63,3783.63,3799.246,3816.9410000000003,3552.6938333333333
2014-01-17,0.0119301,3738.08,3588.74,3671.92,3732.928,3803.4440000000004,3817.3295000000007,3563.74
2014-01-24,0.057395,3890.53,3627.65,3882.67,3760.0619999999994,3818.0660000000003,3821.8215000000005,3578.360166666667
2014-01-30,0.000708275,3916.67,3847.03,3885.42,3776.9919999999997,3822.332,3823.6014999999998,3596.1735
2014-02-07,0.0185952,3957.93,3854.98,3957.67,3805.262,3823.4610000000002,3830.379,3612.9648333333334
2014-02-14,0.0445944,4137.59,3972.86,4134.16,3906.368,3844.9990000000007,3845.9490000000005,3630.7636666666667
2014-02-21,-0.0029607,4232.88,4085.82,4121.92,3996.368,3864.648,3858.4005000000006,3647.777833333333
2014-02-28,-0.035418,4141.26,3874.72,3975.93,4015.0199999999995,3887.541,3855.8509999999997,3660.123333333334
2014-03-07,0.00918527,4075.75,3969.3,4012.45,4040.4260000000004,3908.709,3857.9415,3672.6933333333336
2014-03-14,-0.0307717,3981.51,3803.73,3888.98,4026.6879999999996,3915.975,3861.3015,3682.99
2014-03-21,0.016305,4009.35,3828.92,3952.39,3990.334,3948.351,3873.7985,3691.1189999999997
2014-03-28,-0.0220373,4009.88,3855.48,3865.29,3939.0080000000003,3967.6879999999996,3885.566,3699.4728333333333
2014-04-04,0.0191292,3939.61,3815.74,3939.23,3931.668,3973.3439999999996,3895.7050000000004,3706.6648333333337
2014-04-11,0.0208061,4052.84,3918.98,4021.19,3933.416,3986.921,3904.6265,3713.5415000000003
2014-04-18,0.00200687,4051.49,3992.5,4029.26,3961.472,3994.0800000000004,3908.7705,3721.5564999999997
2014-04-25,-0.05673,4032.85,3797.47,3800.68,3931.13,3960.732,3902.8655,3724.094166666667
2014-04-30,-0.00907995,3785.96,3678.01,3766.17,3911.3059999999996,3925.157,3894.9024999999992,3727.3573333333334
2014-05-09,-0.0133159,3831.41,3688.04,3716.02,3866.6639999999998,3899.1659999999997,3893.3534999999997,3731.4375
2014-05-16,0.00286328,3819.75,3685.07,3726.66,3807.7580000000003,3870.5870000000004,3889.648,3733.8831666666665
2014-05-23,0.0160734,3788.06,3679.64,3786.56,3759.218,3860.345,3888.16,3739.5378333333333
2014-05-30,0.0112714,3874.1,3798.73,3829.24,3764.9300000000003,3848.03,3898.1905000000006,3746.738
2014-06-06,-0.00284913,3845.48,3760.29,3818.33,3775.3619999999996,3843.334,3905.511,3753.8015
2014-06-13,0.0191785,3894.54,3784.05,3891.56,3810.47,3838.5670000000005,3905.9555,3760.4068333333335
2014-06-20,-0.0262671,3915.22,3739.41,3789.34,3823.006,3815.382,3901.1515,3767.4329999999995
2014-06-27,0.0263845,3905.54,3790.84,3889.32,3843.558,3801.388,3897.7339999999995,3774.777666666667
2014-07-04,0.0296299,4026.06,3889.65,4004.56,3878.6220000000003,3821.7759999999994,3891.254,3781.8981666666664
2014-07-11,0.00629033,4047.38,3975.7,4029.75,3920.906,3848.1339999999996,3886.6455,3787.537333333333
2014-07-18,0.00316893,4105.02,4006.28,4042.52,3951.0980000000004,3880.7840000000006,3889.975,3791.878166666667
2014-07-25,0.0116957,4094.65,4013.55,4089.8,4011.19,3917.0979999999995,3893.8424999999997,3796.0211666666664
2014-08-01,0.029444,4268.43,4106.99,4210.22,4075.3700000000003,3959.464,3909.9044999999996,3805.921333333333
2014-08-08,0.0241025,4342.07,4213.11,4311.7,4136.798,4007.71,3927.87,3818.0333333333333
2014-08-15,0.0259617,4428.97,4317.35,4423.64,4215.576,4068.2410000000004,3955.7875,3834.3193333333334
2014-08-22,0.0221799,4526.24,4434.17,4521.75,4311.4220000000005,4131.26,3984.9134999999997,3855.748833333333
2014-08-29,-0.0207603,4522.7,4368.67,4427.88,4379.0380000000005,4195.114,4005.2480000000005,3873.3546666666666
2014-09-05,0.0538847,4666.92,4436.11,4666.47,4470.288,4272.829,4037.1085,3894.0435
2014-09-12,0.0193883,4762.13,4643.38,4756.95,4559.338,4348.068000000001,4084.922,3916.7541666666666
2014-09-19,0.000373769,4816.32,4604.67,4758.73,4626.356,4420.966,4134.55,3937.8303333333333
2014-09-26,0.0149637,4861.8,4682.62,4829.94,4687.994,4499.7080000000005,4190.246,3959.4358333333334
2014-09-30,0.0178437,4921.08,4847.82,4916.12,4785.642,4582.339999999999,4249.719,3981.0588333333335
2014-10-10,0.0133711,5010.83,4913.68,4981.85,4848.718,4659.503,4309.4835,4004.8505
2014-10-17,-0.0243124,5013.95,4771.77,4860.73,4869.474,4714.406,4361.057999999999,4025.3965000000003
2014-10-24,-0.0177064,4942.46,4732.76,4774.67,4872.661999999999,4749.509,4408.875,4043.9051666666664
2014-10-31,0.0443487,5021.19,4739.33,4986.42,4903.9580000000005,4795.976,4463.618,4063.798333333333
2014-11-07,-0.00183719,5049.28,4956.87,4977.25,4916.183999999999,4850.9130000000005,4523.0135,4082.5888333333337
2014-11-14,-0.013591,5041.33,4842.5,4909.61,4901.736,4875.227,4574.028,4100.7136666666665
2014-11-21,0.0244753,5029.78,4894.65,5029.77,4935.544,4902.509,4625.2885,4120.8305
2014-11-28,0.0428437,5261.16,5065.19,5245.27,5029.664000000001,4951.163,4686.0644999999995,4143.7035
2014-12-05,0.0168962,5464.23,5181.1,5333.89,5099.158,5001.558,4750.633,4165.486333333333
2014-12-12,0.0298671,5498.95,5151.0,5493.2,5202.348,5059.2660000000005,4820.803,4190.8623333333335
2014-12-19,0.00562914,5609.68,5423.75,5524.12,5325.25,5113.4929999999995,4886.4980000000005,4219.234666666666
2014-12-26,-0.0183506,5523.96,5187.63,5422.75,5403.846,5169.695,4942.0505,4247.906333333333
2015-01-09,-0.0025251,5497.74,5314.34,5409.06,5436.604,5233.134,4991.3215,4277.558333333333
2015-01-16,0.0205332,5520.79,5303.73,5520.12,5473.85,5286.503999999999,5041.24,4307.286166666667
2015-01-23,0.0205006,5699.73,5222.04,5633.29,5501.868,5352.107999999999,5101.5105,4337.128333333333
2015-01-30,-9.95866e-05,5798.57,5631.56,5632.73,5523.59,5424.42,5149.8235,4365.234166666667
2015-02-06,-0.0173882,5745.14,5510.76,5534.79,5545.998,5474.9220000000005,5188.7155,4392.167666666666
2015-02-13,0.0423661,5789.38,5492.55,5769.27,5618.039999999999,5527.322,5239.2425,4422.898333333333
2015-02-17,0.024583,5914.29,5786.04,5911.1,5696.236,5585.043000000001,5293.3005,4458.966666666666
2015-02-27,0.0181633,6025.12,5887.37,6018.46,5773.2699999999995,5637.569,5348.4175000000005,4495.928166666667
2015-03-06,0.0190353,6234.11,6039.25,6133.03,5873.33,5698.460000000001,5405.9765,4534.54
2015-03-13,0.0320478,6329.7,6080.54,6329.58,6032.288,5789.143000000001,5479.419,4579.555833333334
2015-03-20,0.0823627,6862.38,6369.2,6850.9,6248.614,5933.326999999999,5583.2305,4632.538833333333
2015-03-27,0.0445267,7171.62,6801.54,7155.94,6497.582,6096.909,5691.706499999999,4687.093333333333
2015-04-03,0.0730952,7682.72,7180.06,7679.01,6829.692,6301.481000000001,5826.7945,4750.319833333333
2015-04-10,0.0355748,7971.62,7483.28,7952.19,7193.524,6533.427,5978.9235,4816.895166666667
2015-04-17,0.00359285,8192.24,7607.4,7980.76,7523.76,6778.023999999999,6126.473,4881.005166666667
2015-04-24,0.054924,8453.34,7801.03,8419.09,7837.397999999999,7043.005999999999,6285.164,4952.624666666667
2015-04-30,0.00600753,8576.48,8187.15,8469.67,8100.144,7298.862999999999,6441.9529999999995,5027.520333333334
2015-05-08,-0.0316872,8532.65,7886.36,8201.29,8204.6,7517.146000000001,6577.3575,5097.334333333333
2015-05-15,0.0660374,8909.58,8242.1,8742.88,8362.738000000001,7778.130999999999,6738.2955,5178.232666666667
2015-05-22,0.118415,9821.81,8698.9,9778.17,8722.22,8122.990000000001,6956.066499999999,5275.329
2015-05-29,0.0192954,10637.9,9433.09,9966.84,9031.77,8434.583999999999,7183.955499999999,5377.0215
2015-06-05,0.118159,11236.2,10067.5,11144.5,9566.736,8833.44,7465.174499999999,5497.109333333333
2015-06-12,0.036015,11616.4,10830.3,11545.9,10235.658,9220.128999999999,7760.805,5622.521166666667
2015-06-19,-0.134982,11616.3,9968.99,9987.41,10484.564,9423.651,7978.539,5721.823666666666
2015-06-26,-0.091049,10343.0,9059.36,9078.06,10344.542,9533.381,8155.702499999999,5809.78
2015-07-03,-0.189751,9281.17,7249.31,7355.49,9822.272,9427.021,8235.0135,5869.602
2015-07-10,-0.0150509,7842.43,6444.25,7244.78,9042.328,9304.532000000001,8301.6975,5928.414666666667
2015-07-17,0.103511,8076.19,7078.71,7994.7,8332.088,9283.873,8400.509499999998,5999.548666666667
2015-07-24,0.0538328,8706.25,7931.65,8425.07,8019.62,9252.092,8515.111499999999,6076.857166666667
2015-07-31,-0.0828495,8493.35,7261.61,7727.06,7749.42,9046.981,8584.985499999999,6141.820833333333
2015-08-07,0.0370462,8047.69,7370.04,8013.32,7880.986,8851.628999999999,8643.1065,6211.7373333333335
2015-08-14,0.0763632,8717.07,8079.88,8625.24,8157.0779999999995,8599.703,8716.5715,6290.632
2015-08-21,-0.117369,8858.33,7583.7,7612.9,8080.718000000001,8206.403,8713.266,6354.357999999999
2015-08-28,-0.101145,7292.77,6099.17,6842.89,7764.281999999999,7891.950999999999,8657.801,6403.5841666666665
2015-09-02,-0.105268,6791.42,5866.67,6122.55,7443.379999999999,7596.4,8564.8905,6438.884
2015-09-11,0.0605574,6609.94,6014.57,6493.32,7139.379999999999,7510.182999999999,8468.601999999999,6479.943499999999
2015-09-18,-0.0702935,6554.38,5689.97,6036.88,6621.7080000000005,7389.392999999999,8346.9625,6513.182833333334
2015-09-25,0.011843,6362.05,5943.59,6108.38,6320.803999999999,7200.761,8242.317,6546.825833333334
2015-09-30,0.00251327,6221.01,6020.46,6123.73,6176.972,6970.627,8111.3595000000005,6578.717666666666
2015-10-09,0.0565543,6495.29,6281.53,6470.05,6246.472,6844.9259999999995,7945.9535000000005,6614.690166666666
2015-10-16,0.0892588,7052.14,6501.76,7047.56,6357.32,6748.35,7799.989500000001,6658.422166666666
2015-10-23,0.012866,7186.54,6689.27,7138.23,6577.589999999999,6599.648999999999,7599.676000000001,6702.030166666666
2015-10-30,-0.00746165,7270.79,6900.44,7084.97,6772.908,6546.856000000001,7376.6295,6746.3150000000005
2015-11-06,0.0510766,7456.24,6860.44,7446.85,7037.531999999999,6607.252,7249.6015,6792.654666666666
2015-11-13,0.0161493,7739.65,7350.86,7567.11,7256.944,6751.7080000000005,7174.053999999999,6839.490666666667
2015-11-20,0.0316049,7844.06,7431.74,7806.27,7408.686,6883.003,7196.592999999999,6890.282999999999
2015-11-27,-0.0551021,7974.73,7317.65,7376.12,7456.264,7016.927000000001,7203.159999999999,6932.7193333333325
2015-12-04,0.018377,7600.34,7035.55,7511.67,7541.604000000001,7157.255999999999,7179.008500000001,6975.9785
2015-12-11,-0.0294173,7602.77,7253.84,7290.7,7510.373999999999,7273.9529999999995,7122.290000000001,7014.459333333332
2015-12-18,0.0560533,7746.51,7210.41,7699.37,7536.825999999999,7396.885,7120.905500000001,7061.77
2015-12-25,0.012047,7881.29,7635.78,7792.12,7533.996000000001,7471.341,7109.8455,7112.060833333334
2015-12-31,-0.0223861,7837.63,7545.35,7617.69,7582.3099999999995,7519.287000000001,7059.468000000001,7155.915333333334
2016-01-08,-0.137477,7624.1,6222.59,6570.43,7394.062,7467.8330000000005,7007.344499999999,7182.468333333334
2016-01-15,-0.102999,6529.88,5726.88,5893.68,7114.658,7312.5160000000005,6959.884,7198.8695
2016-01-22,0.0147495,6244.96,5765.15,5980.61,6770.906,7153.866,6952.787000000001,7214.716833333334
2016-01-29,-0.085524,6093.27,5240.65,5469.12,6306.306,6920.151,6901.577,7218.447666666666
2016-02-05,0.0356679,5747.98,5319.7,5664.2,5915.608,6748.959,6882.943000000001,7223.952833333333
2016-02-19,0.0556688,6034.85,5482.8,5979.52,5797.4259999999995,6595.744000000001,6876.5,7232.058166666667
2016-02-26,-0.0552851,6118.65,5517.63,5648.94,5748.478,6431.568,6852.760499999999,7234.1385
2016-03-04,-0.0048464,5872.92,5286.35,5621.56,5676.668,6223.787,6810.336,7237.452
2016-03-11,-0.0200263,5788.47,5433.32,5508.98,5684.639999999999,5995.473,6733.407000000001,7239.117333333333
2016-03-18,0.0799206,5967.46,5531.33,5949.26,5741.652,5828.63,6673.958500000001,7246.269666666666
2016-03-25,0.0215435,6130.27,5996.54,6077.43,5761.2339999999995,5779.33,6623.5815,7253.6720000000005
2016-04-01,0.00774949,6211.14,5875.07,6124.53,5856.352,5802.415,6557.4655,7261.868666666666
2016-04-08,0.00721917,6355.33,6087.1,6168.74,5965.788,5821.228,6487.5470000000005,7272.4345
2016-04-15,0.0349517,6421.73,6182.82,6384.35,6140.861999999999,5912.751,6416.450999999999,7282.685833333334
2016-04-22,-0.0584288,6344.78,5915.31,6011.32,6153.273999999999,5947.463000000001,6348.211,7284.3561666666665
2016-04-29,-0.00427959,6086.36,5888.06,5985.59,6134.906,5948.07,6271.907,7283.8083333333325
2016-05-06,-0.00402717,6226.88,5960.94,5961.49,6102.298000000001,5979.325,6205.4465,7280.949333333334
2016-05-13,-0.0414625,5910.12,5559.69,5714.31,6011.411999999999,5988.6,6106.193499999999,7270.694833333333
2016-05-20,0.00325341,5853.61,5563.06,5732.9,5881.122,6010.992,6003.2325,7252.0615
2016-05-27,0.0011666,5811.68,5598.66,5739.59,5826.776,5990.025,5909.327499999999,7228.455666666667
2016-06-03,0.0510512,6062.14,5655.63,6032.6,5836.178,5985.5419999999995,5882.436,7201.0154999999995
2016-06-08,-0.00144631,6067.46,5972.74,6023.88,5848.656,5975.477000000001,5888.946,7168.8769999999995
2016-06-17,-0.00989495,6002.62,5692.81,5964.27,5898.648,5955.030000000001,5888.129,7135.2688333333335
2016-06-24,-0.0101692,6053.41,5748.84,5903.62,5932.7919999999995,5906.957,5909.854,7093.344333333333
2016-07-01,0.0352189,6163.43,5864.61,6111.54,6007.182,5916.979,5932.221,7054.042166666666
2016-07-08,0.0308129,6342.44,6078.63,6299.85,6060.632,5948.405000000001,5948.2375,7022.351500000001
2016-07-15,0.0224073,6469.04,6248.93,6441.02,6144.06,5996.358,5987.8415,6983.987166666667
2016-07-22,-0.00777688,6487.02,6355.48,6390.92,6229.39,6064.019,6026.3095,6927.533
2016-07-29,-0.0294219,6515.88,6148.86,6202.89,6289.244000000001,6111.018000000001,6061.005,6864.800499999999
2016-08-05,6.368e-05,6251.4,6046.4,6203.29,6307.594,6157.388000000001,6073.706499999999,6782.447
2016-08-12,0.0154441,6366.09,6152.58,6299.09,6307.442,6184.037,6084.789500000001,6695.000166666667
2016-08-19,0.0318241,6527.2,6289.72,6499.55,6319.147999999999,6231.604,6103.5405,6636.869166666667
2016-08-26,-0.0136657,6508.8,6312.65,6410.73,6323.110000000001,6276.25,6115.64,6592.413666666666
2016-09-02,-0.00838906,6459.71,6320.48,6356.95,6353.9220000000005,6321.5830000000005,6114.27,6575.771333333334
2016-09-09,0.0179489,6539.35,6345.69,6471.05,6407.474,6357.534,6137.2565,6562.8758333333335
2016-09-14,-0.0298089,6383.84,6260.65,6278.16,6403.2880000000005,6355.365,6151.885,6534.266833333333
2016-09-23,0.0147217,6410.57,6292.81,6370.58,6377.494,6348.321000000001,6172.3395,6500.025333333334
2016-09-30,-0.00667098,6364.21,6200.56,6328.08,6360.964,6342.036999999999,6203.028,6476.709000000001
2016-10-14,0.0223458,6501.56,6345.33,6469.49,6383.472,6368.697,6239.8575,6450.9785
2016-10-21,0.000894815,6531.16,6394.49,6475.28,6384.317999999999,6395.896,6276.642,6415.145833333333
2016-10-28,-0.00300311,6563.52,6455.15,6455.83,6419.852000000001,6411.57,6297.8035,6395.861333333333
2016-11-04,0.00104681,6521.0,6408.27,6462.59,6438.254,6407.874,6319.739,6389.523
2016-11-11,0.0187686,6584.41,6380.57,6583.89,6489.416,6425.1900000000005,6350.719999999999,6397.2119999999995
2016-11-18,0.00280078,6658.43,6566.05,6602.33,6515.9839999999995,6449.728,6385.6555,6399.028833333333
2016-11-25,0.00764746,6676.67,6531.37,6652.82,6551.492,6467.905000000001,6412.7195,6409.2945
2016-12-02,-0.0198176,6692.14,6520.97,6520.97,6564.5199999999995,6492.186,6423.7755,6416.171
2016-12-09,-0.00108251,6562.66,6451.08,6513.92,6574.786,6506.5199999999995,6427.420499999999,6422.674166666667
2016-12-16,-0.0299961,6519.63,6190.39,6318.52,6521.712,6505.564,6423.800499999999,6420.148666666666
2016-12-23,-0.00578094,6350.27,6275.31,6282.0,6457.646000000001,6486.815,6427.755999999999,6407.3893333333335
2016-12-30,-0.00292439,6311.04,6194.27,6263.62,6379.8060000000005,6465.648999999999,6430.772500000001,6392.8125
2017-01-06,0.017241,6412.87,6273.75,6371.62,6349.936,6457.228000000001,6434.398999999999,6380.923333333334
2017-01-13,-0.027773,6428.83,6182.1,6194.66,6286.084,6430.4349999999995,6419.154500000001,6360.0535
2017-01-20,-0.0117293,6184.34,5872.4,6122.0,6246.78,6384.246,6404.718,6335.968333333333
2017-01-26,0.0166135,6224.19,6130.19,6223.71,6235.122,6346.384,6398.056,6309.592333333334
2017-02-03,-0.00266947,6231.6,6190.83,6207.09,6223.816000000001,6301.811,6384.857999999999,6290.1085
2017-02-10,0.0209464,6350.34,6195.5,6337.11,6216.914,6283.425,6387.8055,6270.5325
2017-02-17,-0.0047255,6379.79,6300.51,6307.16,6239.414,6262.749,6384.6345,6254.140166666666
2017-02-24,0.0267954,6482.25,6307.23,6476.17,6310.2480000000005,6278.514,6392.039,6233.7535
2017-03-03,-0.00360182,6488.82,6398.88,6452.84,6356.074,6295.598,6391.206499999999,6211.4321666666665
2017-03-10,-0.00076292,6525.19,6425.0,6447.92,6404.24,6314.028,6389.8385,6191.936
2017-03-17,0.00547929,6555.58,6412.71,6483.25,6433.468,6325.191,6391.2095,6190.482999999999
2017-03-24,0.00977427,6552.75,6445.81,6546.62,6481.360000000001,6360.387000000001,6395.411,6201.365333333333
2017-03-31,-0.022144,6555.79,6365.45,6401.65,6466.456,6388.352000000001,6386.299,6208.382666666667
2017-04-07,0.0276615,6593.95,6450.9,6578.73,6491.634,6423.854,6385.119000000001,6226.876166666667
2017-04-14,-0.00768599,6632.0,6522.79,6528.16,6507.682,6455.961,6378.886,6241.275500000001
2017-04-21,-0.0348414,6502.04,6285.99,6300.71,6471.174,6452.321,6367.8730000000005,6246.6286666666665
2017-04-28,-0.0141016,6282.74,6052.88,6211.86,6404.222,6442.791,6352.77,6256.010666666666
2017-05-05,-0.0196688,6236.89,6089.09,6089.68,6341.8279999999995,6404.142,6341.3279999999995,6263.812666666667
2017-05-12,-0.0370954,6083.36,5731.48,5863.78,6198.838,6345.236,6320.4169999999995,6269.726
2017-05-19,0.0189628,6055.92,5839.22,5974.98,6088.201999999999,6297.942,6305.985000000001,6270.154666666666
2017-05-26,-0.0231037,5987.31,5668.72,5836.93,5995.446,6233.3099999999995,6279.2505,6266.146333333333
2017-06-02,-0.0110359,5913.18,5655.76,5772.52,5907.5779999999995,6155.9,6258.1435,6260.279500000001
2017-06-09,0.0340851,5972.73,5777.95,5969.27,5883.496,6112.662,6250.507,6256.955
2017-06-16,0.00732501,6027.4,5894.23,6013.0,5913.34,6056.089,6239.971500000001,6250.765833333334
2017-06-23,-0.000446699,6094.55,5923.55,6010.31,5920.406000000001,6004.303999999999,6230.132500000001,6250.749
2017-06-30,0.0212704,6139.07,6011.86,6138.15,5980.65,5988.048,6220.1845,6253.291666666667
2017-07-07,0.0143129,6229.83,6127.51,6226.01,6071.348,5989.463,6216.127,6257.700333333332
2017-07-14,-0.0156233,6236.29,6050.65,6128.74,6103.242,5993.369,6198.7555,6264.607499999999
2017-07-21,-0.000429289,6136.97,5842.96,6126.11,6125.864,6019.602,6182.419,6271.161000000001
2017-07-28,0.0145859,6229.06,6105.96,6215.46,6166.894,6043.65,6170.796,6279.092166666666
2017-08-04,0.0015529,6313.51,6208.46,6225.12,6184.288,6082.469,6157.889499999999,6282.300833333333
2017-08-11,-0.0102689,6341.48,6153.6,6161.19,6171.324,6121.336,6138.618,6284.589333333333
2017-08-18,0.0302807,6366.25,6165.13,6347.75,6215.125999999999,6159.183999999999,6135.923000000001,6290.980666666666
2017-08-25,-0.000192982,6404.05,6267.23,6346.53,6259.21,6192.537,6124.313,6298.3625
2017-09-01,0.0283579,6530.9,6348.87,6526.5,6321.418,6244.156,6124.2300000000005,6305.2785
2017-09-08,0.00730529,6614.1,6519.79,6574.18,6391.23,6287.759,6137.903499999999,6309.850666666666
2017-09-15,0.00728015,6715.39,6566.28,6622.04,6483.4,6327.361999999999,6158.4125,6312.867666666667
2017-09-22,-0.00755567,6692.71,6547.28,6572.01,6528.252,6371.689,6182.529,6315.885833333333
2017-09-29,0.00475486,6611.65,6482.29,6603.26,6579.598000000001,6419.404,6219.503,6322.558666666667
2017-10-13,0.0161372,6711.93,6611.97,6709.82,6616.262,6468.84,6256.245,6331.0008333333335
2017-10-20,-0.0206253,6709.87,6485.81,6571.42,6615.710000000001,6503.469999999999,6292.9695,6335.539666666667
2017-10-27,0.0090364,6686.12,6556.34,6630.81,6617.464,6550.432,6335.884,6337.727333333332
2017-11-03,-0.0307394,6629.3,6395.46,6426.98,6588.4580000000005,6558.3550000000005,6358.7695,6337.998166666667
2017-11-10,0.033334,6647.23,6408.36,6641.22,6596.05,6587.823999999999,6390.1804999999995,6342.736
2017-11-17,-0.0420518,6673.75,6359.52,6361.94,6526.474,6571.3679999999995,6407.762,6340.9175
2017-11-24,-0.0131898,6483.63,6239.32,6278.03,6467.795999999999,6541.753,6414.755999999999,6340.915333333334
2017-12-01,0.00611323,6329.18,6186.03,6316.41,6404.916,6511.1900000000005,6419.276,6340.0125
2017-12-08,-0.0179317,6334.87,6053.24,6203.14,6360.148,6474.303,6422.996,6337.930166666667
2017-12-15,0.00525814,6290.85,6214.64,6235.76,6279.056,6437.553,6428.4785,6334.034666666667
2017-12-22,0.00114244,6269.31,6148.82,6242.88,6255.244000000001,6390.8589999999995,6429.849499999999,6330.161333333334
2017-12-29,0.00127121,6257.02,6148.1,6250.82,6249.802000000001,6358.799000000001,6431.1345,6326.7445
2018-01-05,0.0266258,6435.85,6258.16,6417.25,6269.969999999999,6337.442999999999,6443.9375,6325.988833333333
2018-01-12,-0.00278624,6449.03,6361.09,6399.37,6309.215999999999,6334.682,6446.5185,6322.9135
2018-01-19,-0.0198446,6392.52,6202.31,6272.38,6316.54,6297.798,6442.811,6317.414333333333
2018-01-26,0.0177366,6424.35,6248.31,6383.63,6344.6900000000005,6299.967,6435.6675,6312.927833333333
2018-02-02,-0.0593364,6398.97,5844.46,6004.85,6295.496,6272.648999999999,6407.201,6304.325833333333
2018-02-09,-0.0749314,6016.16,5490.62,5554.9,6123.026,6196.4980000000005,6353.843999999999,6288.342166666666
2018-02-14,0.0359929,5789.7,5581.71,5754.83,5994.118,6151.667,6312.985,6278.9473333333335
2018-02-23,0.0248212,5902.94,5797.91,5897.68,5919.178,6117.859,6277.706,6272.542
2018-03-02,0.026902,6094.8,5917.62,6056.33,5853.718,6099.204,6245.0315,6269.087166666666
2018-03-09,0.0248731,6211.28,6031.98,6206.98,5894.144,6094.820000000001,6226.8095,6266.343166666667
2018-03-16,-0.00977449,6297.43,6117.6,6146.31,6012.4259999999995,6067.726,6202.5845,6265.537333333333
2018-03-23,-0.058434,6224.56,5722.77,5787.15,6018.89,6006.504,6170.592999999999,6259.9565
2018-03-30,0.0566057,6115.27,5675.37,6114.74,6062.302000000001,5990.74,6144.268999999999,6258.140333333333
2018-04-04,-0.0158718,6169.3,6008.51,6017.69,6054.574,5954.146,6127.056500000001,6254.983666666667
2018-04-13,0.00157868,6110.18,5954.54,6027.19,6018.616,5956.38,6114.5145,6249.818333333333
2018-04-20,-0.0242818,6053.99,5826.65,5880.83,5965.5199999999995,5988.973,6092.735500000001,6242.712833333334
2018-04-27,-0.00337571,5968.88,5761.97,5860.98,5980.286,5999.588,6075.6275000000005,6232.459666666667
2018-05-04,0.00824281,5939.95,5779.73,5909.29,5939.196,6000.749,6059.303999999999,6223.4005
2018-05-11,0.0138846,6052.71,5918.38,5991.34,5933.9259999999995,5994.25,6046.727000000001,6215.7908333333335
2018-05-18,0.000635417,6045.03,5932.13,5995.15,5927.518,5973.067,6033.943499999999,6207.655833333333
2018-05-25,-0.0129024,6092.91,5909.04,5917.8,5934.912,5950.216,6008.971,6197.1755
2018-06-01,-0.039319,5938.07,5654.84,5685.12,5899.74,5940.013,5973.2585,6185.233333333334
2018-06-08,-0.0027813,5798.33,5630.66,5669.3,5851.742,5895.469,5943.1044999999995,6170.076166666667
2018-06-15,-0.0326952,5693.61,5448.07,5483.94,5750.262000000001,5842.093999999999,5898.120000000001,6152.672500000001
2018-06-22,-0.0590491,5409.41,5017.51,5160.12,5583.255999999999,5755.387000000001,5855.8835,6133.662666666667
2018-06-29,0.0111707,5218.91,5044.24,5217.76,5443.248,5689.08,5839.0265,6117.094333333333
2018-07-06,-0.0423812,5238.64,4897.26,4996.63,5305.55,5602.6449999999995,5801.1165,6098.876833333333
2018-07-13,0.0415392,5207.36,4973.99,5204.19,5212.528,5532.135,5766.442,6087.883666666667
2018-07-20,-0.00555976,5220.17,5072.16,5175.25,5150.789999999999,5450.526,5722.388,6074.554833333334
2018-07-27,0.0143064,5332.62,5132.38,5249.29,5168.624,5375.9400000000005,5674.5035,6064.760833333334
2018-08-03,-0.060873,5255.19,4887.5,4929.75,5111.022,5277.135,5613.675499999999,6050.714666666667
2018-08-10,0.02044,5037.49,4797.45,5030.51,5117.798000000001,5211.674,5575.8435,6035.068666666667
2018-08-17,-0.0452212,5064.02,4793.77,4803.03,5037.566000000001,5125.0470000000005,5510.258,6014.902499999999
2018-08-24,0.010256,4901.12,4736.56,4852.29,4972.974,5061.882,5451.987999999999,5995.602166666667
2018-08-31,-0.0077211,4983.94,4805.21,4814.82,4886.08,5027.352,5391.3695,5973.546666666667
2018-09-07,-0.00478647,4905.02,4754.81,4791.78,4858.486,4984.753999999999,5336.9169999999995,5949.642833333333
2018-09-14,-0.0253973,4794.01,4655.21,4670.08,4786.4,4952.099,5277.372,5925.331833333334
2018-09-21,0.0289366,4813.29,4584.43,4805.21,4786.836,4912.200999999999,5222.168,5903.316833333332
2018-09-28,-0.000933777,4841.7,4746.18,4800.73,4776.523999999999,4874.749,5162.637499999999,5879.738
2018-10-12,-0.108878,4737.29,4136.63,4278.04,4669.168,4777.624,5076.782,5847.286666666667
2018-10-19,-0.0350745,4317.71,3948.56,4127.98,4536.408,4697.446999999999,4987.290999999999,5813.399833333333
2018-10-26,0.0256718,4375.6,4103.56,4233.96,4449.183999999999,4617.7919999999995,4914.733,5778.17
2018-11-02,0.0481788,4437.98,4096.14,4437.94,4375.73,4581.283,4853.164999999999,5746.360166666666
2018-11-09,-0.0156223,4479.69,4348.81,4368.61,4289.306,4532.915,4797.398499999999,5710.395333333333
2018-11-16,0.0664929,4691.56,4354.47,4659.1,4365.517999999999,4517.343,4772.3475,5678.477333333333
2018-11-23,-0.0610273,4677.97,4365.35,4374.76,4414.874000000001,4475.641,4730.1975,5641.022666666668
2018-11-30,0.000431338,4473.31,4291.81,4376.65,4443.411999999999,4446.298000000001,4699.1985,5604.433333333333
2018-12-07,0.00783887,4538.42,4397.42,4410.96,4438.0160000000005,4406.8730000000005,4659.536999999999,5567.895
2018-12-14,-0.016744,4471.26,4331.38,4337.1,4431.714,4360.51,4617.6295,5528.349666666666
2018-12-21,-0.0244306,4341.2,4204.49,4231.14,4346.122,4355.82,4566.722,5489.345
2018-12-28,-0.0149151,4276.97,4132.76,4168.04,4304.778,4359.826,4528.6365000000005,5448.298833333333
2019-01-04,0.0102787,4210.88,4071.69,4210.88,4271.624000000001,4357.518,4487.655,5411.363833333333
2019-01-11,0.0246972,4354.2,4223.46,4314.88,4252.408,4345.212,4463.2474999999995,5372.5914999999995
2019-01-18,0.00763313,4364.1,4271.64,4347.81,4254.55,4343.132,4438.0235,5339.022666666667
2019-01-25,-0.00675512,4395.06,4291.96,4318.44,4272.01,4309.066000000001,4413.2045,5306.362833333333
2019-02-01,-0.00559739,4370.9,4151.41,4294.27,4297.255999999999,4301.017,4388.329,5272.6605
2019-02-15,0.0485449,4555.23,4306.2,4502.73,4355.625999999999,4313.625,4379.961499999999,5244.320333333333
2019-02-22,0.060977,4777.3,4527.97,4777.3,4448.110000000001,4350.259,4378.566000000001,5220.012666666666
2019-03-01,0.0606887,5149.62,4835.48,5067.23,4591.994000000001,4423.272,4391.8910000000005,5200.418500000001
2019-03-08,0.0352212,5512.64,5108.28,5245.7,4777.445999999999,4524.728,4440.273999999999,5183.6665
2019-03-15,0.0216004,5591.69,5236.75,5359.01,4990.394,4643.825,4501.825500000001,5166.029166666666
2019-03-22,0.0491009,5634.66,5333.25,5622.14,5214.276,4784.951,4571.2345000000005,5153.075333333333
2019-03-29,-0.0132483,5629.23,5333.78,5547.66,5368.348,4908.229,4626.720499999999,5140.996666666668
2019-04-04,0.0583852,5894.99,5591.67,5871.56,5529.214,5060.604,4701.868,5132.462166666667
2019-04-12,-0.0267714,5939.5,5673.74,5714.37,5622.948,5200.197,4754.6315,5127.620833333333
2019-04-19,0.0167669,5840.62,5583.61,5810.18,5713.182,5351.7880000000005,4826.4025,5131.8755
2019-04-26,-0.0692146,5824.52,5407.19,5408.03,5670.360000000001,5442.318,4877.9715,5126.095499999999
2019-04-30,-0.0185779,5421.66,5244.04,5307.56,5622.34,5495.344,4922.8015000000005,5116.260166666666
2019-05-10,-0.0458284,5125.16,4842.56,5064.32,5460.892,5495.053,4959.1625,5099.7266666666665
2019-05-17,-0.0240395,5118.44,4923.67,4942.58,5306.534000000001,5464.741,4994.7345000000005,5078.653333333334
2019-05-24,-0.0203987,5026.28,4831.33,4841.76,5112.85,5413.0160000000005,5028.420499999999,5056.910833333333
2019-05-31,0.0145078,5002.25,4824.14,4912.0,5013.644,5342.002,5063.4765,5042.325
2019-06-06,-0.0474788,4942.06,4668.54,4678.78,4887.888000000001,5255.114,5081.6714999999995,5018.392333333333
2019-06-14,0.0249514,4917.09,4662.78,4795.53,4834.13,5147.511,5104.0575,4998.023
2019-06-21,0.0470812,5045.71,4773.55,5021.31,4849.875999999999,5078.205,5139.201,4981.258333333333
2019-06-28,-0.0141051,5038.48,4910.2,4950.48,4871.62,4992.235,5172.0115,4965.7525
2019-07-05,0.0186204,5102.41,5001.52,5042.66,4897.752,4955.697999999999,5199.008,4952.113833333334
2019-07-12,-0.035912,5028.63,4820.66,4861.57,4934.31,4911.099,5203.2215,4934.651833333333
2019-07-19,0.00352212,4953.41,4787.91,4878.69,4950.942,4892.536,5193.7945,4916.107666666666
2019-07-26,0.00398037,4902.09,4766.07,4898.11,4926.302000000001,4888.089,5176.415,4897.823666666667
2019-08-02,-0.0180049,4961.02,4756.4,4809.92,4898.19,4884.905,5148.9605,4879.3589999999995
2019-08-09,-0.0435698,4838.76,4558.06,4600.35,4809.728,4853.74,5097.871,4861.2795
2019-08-16,0.0265871,4755.95,4576.46,4722.66,4781.946000000001,4858.128,5056.621,4845.502166666667
2019-08-23,0.0349887,4912.99,4765.06,4887.9,4783.788,4867.365,5007.438,4835.568166666666
2019-08-30,-0.000288058,4976.58,4793.84,4886.49,4781.464,4853.883,4966.044,4831.007666666667
2019-09-06,0.0548743,5209.0,4890.23,5154.64,4850.408,4874.299,4933.267,4829.955666666666
2019-09-12,0.017067,5273.97,5171.85,5242.61,4978.860000000001,4894.294,4924.996,4834.055333333334
2019-09-20,-0.00727252,5279.59,5118.21,5204.48,5075.223999999999,4928.585,4919.842,4834.060166666666
2019-09-27,-0.0382084,5237.41,4970.24,5005.63,5098.7699999999995,4941.279,4916.907499999999,4831.233166666667
2019-09-30,-0.0129306,5022.43,4940.9,4940.9,5109.652,4945.557999999999,4916.8235,4826.093333333333
2019-10-11,0.0231968,5074.9,4904.32,5055.52,5089.8279999999995,4970.118,4927.5115,4828.1894999999995
2019-10-18,-0.018536,5151.69,4953.15,4961.81,5033.668,5006.264,4930.002,4827.0445
2019-10-25,0.00660263,5011.01,4906.36,4994.57,4991.686,5033.455,4945.7915,4830.236833333333
2019-11-01,-0.00645081,5084.69,4896.01,4962.35,4983.030000000001,5040.9,4954.132500000001,4832.071166666666
2019-11-08,0.00522817,5051.56,4955.83,4988.29,4992.508,5051.08,4952.4815,4834.962333333333
2019-11-15,-0.0240277,4961.19,4823.43,4868.44,4955.092,5022.46,4948.3795,4836.240000000001
2019-11-22,0.00732186,5018.06,4851.39,4904.08,4943.546,4988.607,4941.4505,4840.139999999999
2019-11-29,-0.00186396,4935.63,4850.59,4894.94,4923.620000000001,4957.653,4943.119000000001,4841.6355
2019-12-06,0.0236099,5010.51,4863.66,5010.51,4933.2519999999995,4958.141,4949.71,4845.131833333333
2019-12-13,0.0126085,5082.76,4998.15,5073.69,4950.331999999999,4971.42,4958.489,4858.392666666667
2019-12-20,0.0218756,5267.41,5081.91,5184.67,5013.5779999999995,4984.335,4977.2265,4876.004166666667
2019-12-27,-0.00105754,5252.79,5079.44,5179.19,5068.599999999999,5006.073,5006.1685,4891.758
2020-01-03,0.0388951,5395.26,5119.85,5380.64,5165.74,5044.68,5039.0675,4907.469666666667
2020-01-10,0.018509,5516.09,5355.02,5480.23,5259.683999999999,5096.467999999999,5068.683999999999,4925.996666666667
2020-01-17,0.00544102,5583.72,5447.73,5510.04,5346.954,5148.643,5099.861500000001,4940.179
2020-01-23,-0.0240114,5597.99,5326.93,5377.74,5385.568,5199.572999999999,5111.0165,4956.895333333333
2020-02-07,-0.00942868,5329.35,4736.12,5327.04,5415.138000000001,5241.869,5115.238,4972.735166666666
2020-02-14,0.0176019,5482.79,5301.41,5420.8,5423.17,5294.455,5126.053999999999,4989.565833333333
2020-02-21,0.0670067,5822.4,5454.46,5784.03,5483.93,5371.807,5164.974,5013.681333333333
2020-02-28,-0.0575279,5912.27,5438.85,5451.29,5472.18,5409.567,5190.4935,5034.0171666666665
2020-03-06,0.0573389,5832.35,5505.27,5763.86,5549.4039999999995,5467.486,5225.9105,5060.614166666667
2020-03-13,-0.0532038,5708.92,5224.73,5457.2,5575.436,5495.286999999999,5250.679999999999,5081.386166666666
2020-03-20,-0.0435974,5496.89,5020.44,5219.28,5535.132,5479.151,5261.9155,5096.4595
2020-03-27,-0.0157002,5229.22,4963.29,5137.34,5405.794,5444.862,5270.664999999999,5109.618333333334
2020-04-03,-0.00589757,5161.57,4974.32,5107.04,5336.9439999999995,5404.562,5276.6025,5122.761666666667
2020-04-10,0.0198688,5336.12,5197.58,5208.51,5225.874000000001,5387.639,5293.606,5137.999
2020-04-17,0.0211086,5377.15,5140.85,5318.45,5198.124000000001,5386.780000000001,5314.3245,5151.594333333333
2020-04-24,-0.00844367,5407.49,5258.57,5273.55,5208.978000000001,5372.054999999999,5333.254999999999,5159.865166666667
2020-04-30,0.0152292,5368.89,5102.06,5353.86,5252.282000000001,5329.038,5350.4225,5164.642333333333
2020-05-08,0.0287339,5527.09,5318.44,5507.7,5332.414,5334.679,5372.123,5169.009000000001
2020-05-15,4.30489e-05,5547.94,5441.7,5507.93,5392.298,5309.086,5388.286,5171.491
2020-05-22,-0.0326269,5548.22,5307.3,5328.23,5394.254,5296.189,5395.737999999999,5166.5925
2020-05-29,0.0146603,5426.56,5290.29,5406.34,5420.812,5314.895,5397.022999999999,5164.237166666667
2020-06-05,0.0331246,5618.29,5446.29,5585.42,5467.124,5359.7029999999995,5402.282499999999,5159.468166666667
2020-06-12,0.00108568,5673.31,5479.27,5591.49,5483.882,5408.147999999999,5406.355,5157.420166666666
2020-06-19,0.0349927,5796.36,5590.64,5787.15,5539.726000000001,5466.012000000001,5426.8255,5157.0363333333335
2020-06-24,0.000335416,5824.31,5755.4,5789.09,5631.898,5513.075999999999,5449.928,5163.387333333333
2020-07-03,0.0453302,6052.52,5740.26,6051.51,5760.932,5590.872,5481.4635,5175.7865
2020-07-10,0.103268,6763.81,6095.96,6676.44,5979.136,5723.13,5526.084,5202.655166666666
2020-07-17,-0.0497041,6899.62,6272.94,6344.59,6129.755999999999,5806.8189999999995,5570.749,5226.022
2020-07-24,-0.00955272,6699.69,6265.38,6283.98,6229.122,5884.424,5596.754999999999,5250.058999999999
2020-07-31,0.047054,6619.26,6229.47,6579.67,6387.237999999999,6009.568,5652.878500000001,5277.853499999999
2020-08-07,0.0165985,6792.28,6578.67,6688.88,6514.712,6137.821999999999,5726.3585,5311.355166666666
2020-08-14,-0.00976529,6768.87,6395.01,6623.56,6504.136,6241.636,5800.6695,5341.822333333333
2020-08-21,0.00307706,6811.56,6570.69,6643.94,6564.005999999999,6346.880999999999,5877.514499999999,5368.866166666666
2020-08-28,0.00711403,6734.44,6486.75,6691.21,6645.452,6437.286999999999,5951.6495,5397.878333333333
2020-09-04,-0.010855,6765.89,6538.49,6618.58,6653.2339999999995,6520.236,6016.656000000001,5424.143666666667
2020-09-11,-0.0463256,6669.39,6209.79,6311.97,6577.852000000001,6546.282,6068.577,5448.317
2020-09-18,0.0249529,6473.6,6291.63,6469.47,6547.034000000001,6525.585,6124.3575,5474.830000000001
2020-09-25,-0.0359502,6515.34,6206.18,6236.89,6465.624,6514.8150000000005,6160.817000000001,5497.142999999999
2020-09-30,-0.00711667,6280.44,6155.02,6192.5,6365.882,6505.6669999999995,6195.0455,5520.186
2020-10-09,0.0267205,6373.94,6290.47,6357.97,6313.76,6483.497,6246.532499999999,5549.479666666667
2020-10-16,0.0111216,6557.86,6388.65,6428.68,6337.102000000001,6457.477000000001,6297.6495,5577.913333333333
2020-10-23,-0.0335091,6483.51,6202.53,6213.26,6285.860000000001,6416.447,6329.0415,5600.002666666667
2020-10-30,-0.0163815,6287.65,6103.89,6111.48,6260.778,6363.201,6355.041,5620.419166666666
2020-11-06,0.031051,6366.19,6095.8,6301.25,6282.528,6324.205,6380.746000000001,5639.529333333334
2020-11-13,0.000908122,6452.91,6248.35,6306.97,6272.3279999999995,6293.044,6406.64,5657.268666666667
2020-11-20,0.0183948,6429.87,6293.56,6422.99,6271.1900000000005,6304.146,6425.214,5677.577166666667
2020-11-27,-0.0111122,6516.24,6276.07,6351.61,6298.860000000001,6292.36,6408.9725,5700.010166666666
2020-12-04,0.0178101,6471.86,6299.41,6464.73,6369.509999999999,6315.144,6414.9794999999995,5725.407333333334
2020-12-11,-0.0394923,6472.85,6163.41,6209.43,6351.145999999999,6316.837,6411.252,5744.639166666666
2020-12-18,0.0132848,6332.53,6176.54,6291.92,6348.136,6310.232,6396.8645,5766.807666666667
2020-12-25,-0.00213288,6401.55,6186.03,6278.5,6319.237999999999,6295.214,6376.3455,5788.2065
2020-12-31,0.0141143,6370.57,6188.59,6367.11,6322.338000000001,6310.599,6363.523,5811.619166666667
2021-01-08,0.0299165,6598.38,6359.08,6557.6,6340.911999999999,6355.211,6359.206,5837.774333333333
2021-01-15,-0.0213638,6572.85,6339.43,6417.5,6382.526,6366.836,6345.5205000000005,5863.592
2021-01-22,0.0343286,6649.86,6392.07,6637.81,6451.704,6399.92,6346.482,5892.4875
2021-01-29,-0.0439404,6711.57,6255.7,6346.14,6465.232,6392.235000000001,6348.1905,5916.674166666667
2021-02-05,-0.016745,6484.49,6236.27,6239.87,6439.784,6381.061,6336.710499999999,5937.1635
2021-02-10,0.0457213,6542.75,6215.73,6525.17,6433.298000000001,6387.1050000000005,6351.1245,5961.354833333334
2021-02-19,0.0273275,6706.39,6542.78,6703.48,6490.494000000001,6436.51,6376.6735,5986.668333333334
2021-02-26,-0.05059,6810.92,6346.13,6364.35,6435.802000000001,6443.753,6376.992499999999,6006.421
2021-03-05,0.00615043,6528.22,6319.53,6403.5,6447.274,6456.253,6375.7335,6023.468666666667
2021-03-12,-0.028284,6488.82,6033.41,6222.38,6443.776,6441.780000000001,6376.1895,6035.837833333334
2021-03-19,-0.00253567,6300.94,6111.36,6206.6,6380.062,6406.68,6380.9455,6047.447166666667
2021-03-26,0.00728125,6307.98,6108.26,6251.79,6289.724,6390.109,6378.4725,6062.014666666667
2021-04-02,0.0119665,6341.65,6205.94,6326.61,6282.176,6358.989,6379.4545,6078.674166666667
2021-04-09,0.00136462,6385.2,6289.07,6335.24,6268.523999999999,6357.898999999999,6375.067,6093.914833333332
2021-04-16,0.000686841,6344.95,6193.81,6339.59,6291.966,6367.871,6374.466,6103.174166666667
2021-04-23,0.0194279,6472.8,6315.08,6462.76,6343.197999999999,6361.629999999999,6374.3675,6120.032000000001
2021-04-30,0.00355138,6546.64,6399.44,6485.71,6389.981999999999,6339.853,6388.181500000001,6132.0628333333325
2021-05-07,-0.00636239,6548.07,6439.89,6444.44,6413.548000000001,6347.862,6395.8075,6148.516833333333
2021-05-14,0.0126249,6525.8,6349.79,6525.8,6451.66,6360.092,6408.1725,6170.292166666667
2021-05-21,0.000315731,6613.89,6506.41,6527.86,6489.314,6390.639999999999,6416.21,6193.4675
2021-05-28,0.0214933,6718.09,6494.62,6668.17,6530.396,6436.7970000000005,6421.7384999999995,6219.486333333333
2021-06-04,0.00373233,6748.15,6628.01,6693.06,6571.866,6480.924,6435.5165,6244.228833333333
2021-06-11,0.00490924,6775.86,6652.39,6725.92,6628.161999999999,6520.855,6439.9220000000005,6267.686666666666
2021-06-18,-0.0101327,6736.54,6554.3,6657.76,6654.554000000001,6553.107,6455.503,6290.756833333333
2021-06-25,0.0233788,6824.86,6638.52,6813.41,6711.664,6600.489,6484.18,6315.082666666667
2021-07-02,-0.0228034,6843.52,6651.48,6658.04,6709.638000000001,6620.017,6490.8235,6334.255
2021-07-09,0.0220025,6814.65,6633.61,6804.54,6731.933999999999,6651.9,6495.8765,6355.8651666666665
2021-07-16,0.0177212,6992.83,6828.48,6925.12,6771.774,6699.967999999999,6523.915,6382.48
2021-07-23,0.0087546,7061.67,6825.82,6985.75,6837.372,6745.962999999999,6553.0275,6408.803499999999
2021-07-30,-0.0312685,6986.5,6534.92,6767.32,6828.1539999999995,6769.909,6580.2744999999995,6428.501833333333
2021-08-06,0.0253501,6947.54,6731.78,6938.87,6884.32,6796.978999999999,6616.888000000001,6450.958166666666
2021-08-13,0.0216202,7124.92,6877.2,7088.89,6941.19,6836.562,6658.7429999999995,6472.653833333333
2021-08-20,-0.0238208,7102.4,6843.0,6920.02,6940.17,6855.972,6688.4135,6491.502666666667
2021-08-27,0.0375843,7185.73,6949.33,7180.11,6979.0419999999995,6908.207,6730.657000000001,6510.312666666667
2021-09-03,0.0137285,7385.24,7100.31,7278.68,7081.314,6954.7339999999995,6777.611499999999,6520.35
2021-09-10,0.0451997,7661.43,7231.73,7607.67,7215.0740000000005,7049.697,6834.857000000001,6541.401333333332
2021-09-17,-0.0278811,7688.6,7275.98,7395.56,7276.408,7108.799000000001,6880.349499999999,6559.927666666667
2021-09-24,-0.00205261,7543.66,7298.03,7380.38,7368.4800000000005,7154.325,6927.1465,6573.272833333333
2021-09-30,-0.0375017,7410.47,6996.57,7103.61,7353.18,7166.111,6956.036999999999,6580.185
2021-10-08,-0.00172757,7198.96,7058.83,7091.34,7315.7119999999995,7198.513000000001,6984.211,6587.981333333333
2021-10-15,-0.00947297,7123.75,6887.34,7024.16,7199.01,7207.0419999999995,7002.010499999999,6594.318333333334
2021-10-22,0.000271634,7154.91,6983.72,7026.07,7125.111999999999,7200.759999999999,7018.661,6599.899333333334
2021-10-29,-0.00050788,7155.63,6920.31,7022.5,7053.536,7211.008,7033.49,6606.631333333334
2021-11-05,-0.00435621,7093.61,6921.85,6991.91,7031.195999999999,7192.188,7050.197499999999,6617.9636666666665
2021-11-12,0.0235565,7165.11,6965.86,7156.61,7044.25,7179.981,7067.357500000001,6629.415999999999
2021-11-19,0.00185328,7176.77,7033.95,7169.88,7073.394,7136.202,7092.9495,6644.965833333334
2021-11-26,0.00697171,7292.92,7177.4,7219.86,7112.151999999999,7118.632,7113.7155,6662.0885
2021-12-03,0.0113652,7310.27,7125.43,7301.92,7168.036,7110.786,7132.5554999999995,6677.821
2021-12-10,0.000647597,7331.58,7148.07,7306.65,7230.9839999999995,7131.089999999999,7148.6005000000005,6692.453833333333
2021-12-17,0.00108314,7384.02,7302.38,7314.56,7262.573999999999,7153.411999999999,7175.9625,6710.808833333333
2021-12-24,-0.00489496,7350.0,7190.97,7278.76,7284.35,7178.872,7192.956999999999,6730.2635
2021-12-31,0.0110798,7368.13,7240.93,7359.4,7312.258,7212.205,7206.482500000001,6747.899333333334
2022-01-07,-0.0249649,7392.1,7167.81,7175.68,7287.01,7227.522999999999,7219.2654999999995,6762.377833333333
2022-01-14,-0.0131744,7206.92,7052.63,7081.14,7241.908,7236.446000000001,7214.317,6773.347
2022-01-21,-0.0147611,7191.0,6965.33,6976.62,7174.32,7218.447,7199.214,6783.763833333333
2022-01-28,-0.0567733,7006.7,6510.18,6580.53,7034.674000000001,7159.512,7147.857000000001,6785.693833333334
2022-02-11,0.024997,6864.69,6599.37,6745.02,6911.798,7112.028,7115.33,6794.620333333334
2022-02-18,0.0133429,6835.2,6667.49,6835.02,6843.666,7065.338000000001,7088.062,6803.6720000000005
2022-02-25,-0.00228099,6898.41,6688.75,6819.43,6791.3240000000005,7016.616,7073.853000000001,6812.6875
2022-03-04,-0.0022872,6907.41,6770.05,6803.83,6756.7660000000005,6965.543,7059.477499999999,6819.966166666666
2022-03-11,-0.048459,6800.82,6066.76,6474.13,6735.486,6885.08,7031.976000000001,6818.575
2022-03-18,-0.0219196,6490.61,5824.33,6332.22,6652.9259999999995,6782.362000000001,6997.2835000000005,6817.153666666667
2022-03-25,-0.0101037,6420.16,6268.24,6268.24,6539.570000000001,6691.618,6959.5705,6810.994166666667
2022-04-01,0.0153605,6383.07,6176.25,6364.52,6448.588,6619.956,6928.201000000001,6811.3005
2022-04-08,-0.0220604,6364.63,6117.01,6224.12,6332.646,6544.706,6881.5765,6811.0380000000005
2022-04-15,-0.0246409,6202.02,5964.39,6070.75,6251.969999999999,6493.728000000001,6826.62,6803.464333333333
2022-04-22,-0.0543202,6106.93,5667.34,5740.98,6133.722,6393.324,6752.6759999999995,6787.422666666666
2022-04-29,-0.0196974,5656.39,5158.48,5627.9,6005.654,6272.612,6668.975,6775.1485
2022-05-06,-0.0113955,5728.62,5542.18,5563.77,5845.504,6147.046,6581.831,6761.153
2022-05-13,0.0418839,5856.19,5519.47,5796.8,5760.04,6046.343,6505.943000000001,6754.06
2022-05-20,0.0228897,5929.54,5700.11,5929.49,5731.7880000000005,5991.879,6438.4794999999995,6749.4415
2022-05-27,-0.00498748,5968.85,5736.14,5899.92,5763.576,5948.649,6365.5055,6743.577
2022-06-02,0.030258,6084.32,5867.19,6078.44,5853.683999999999,5929.669,6310.6435,6739.440833333333
2022-06-10,0.026597,6250.36,6070.71,6240.1,5988.95,5917.227,6268.5915,6737.855166666666
2022-06-17,0.0122123,6398.36,6061.19,6316.31,6092.852000000001,5926.446,6235.576,6737.467166666666
2022-06-24,0.00822846,6378.5,6142.94,6368.28,6180.610000000001,5956.199,6224.9635,6735.8925
2022-07-01,0.011032,6506.67,6370.02,6438.54,6288.334,6025.955,6209.639499999999,6735.106333333333
2022-07-08,-0.00529595,6548.3,6359.47,6404.44,6353.534000000001,6103.6089999999995,6188.1105,6734.439666666667
2022-07-15,-0.0324212,6387.45,6196.8,6196.8,6344.874,6166.912,6156.979,6728.956333333333
2022-07-22,0.0149646,6416.87,6200.52,6289.53,6339.517999999999,6216.1849999999995,6131.264,6724.984166666666
2022-07-29,0.000728496,6393.73,6213.47,6294.11,6324.683999999999,6252.647,6122.263,6718.749833333333
2022-08-05,-0.00375003,6350.04,6080.1,6270.51,6291.0779999999995,6289.706,6119.1775,6711.707333333334
2022-08-12,0.023976,6463.07,6249.62,6420.85,6294.36,6323.947,6126.808,6706.622833333333
2022-08-19,-0.00453789,6501.36,6390.93,6391.72,6333.344,6339.109,6128.168,6702.188833333334
2022-08-26,-0.0146036,6475.82,6225.68,6298.37,6335.112,6337.315,6131.8805,6693.604833333333
2022-09-02,-0.0236484,6319.17,6117.73,6149.43,6306.176,6315.43,6135.8145,6685.128
2022-09-09,0.0272456,6321.82,6122.62,6316.97,6315.468000000001,6303.272999999999,6164.614,6677.001833333334
2022-09-16,-0.0573801,6343.77,5954.5,5954.5,6222.198,6258.279,6180.944,6660.824833333334
2022-09-23,-0.0108996,6015.12,5839.93,5889.6,6121.773999999999,6227.559,6197.2355,6642.555666666667
2022-09-30,-0.0298049,5922.32,5714.06,5714.06,6004.912,6170.012000000001,6193.0985,6625.001333333334
2022-10-14,0.0453926,5996.04,5594.3,5973.44,5969.714,6137.945000000001,6195.296,6608.910833333333
2022-10-21,-0.0027719,6074.37,5886.4,5956.88,5897.696,6106.582,6198.144,6590.044
2022-10-28,-0.0293919,6061.21,5760.05,5781.8,5863.156,6042.677000000001,6183.312,6571.073666666666
2022-11-04,0.0608229,6157.43,5743.56,6133.46,5911.928,6016.851000000001,6177.98,6553.6295
2022-11-11,0.000840993,6249.35,6061.81,6138.62,5996.84,6000.875999999999,6169.0955,6534.628500000001
2022-11-18,0.00863819,6263.16,6104.93,6191.65,6040.482,6005.098,6160.264,6511.028166666667
2022-11-25,-0.0167627,6196.65,6045.02,6087.86,6066.678,5982.187,6142.7300000000005,6489.233166666667
2022-12-02,0.0131661,6229.83,5970.09,6168.01,6143.92,6003.5380000000005,6130.9085,6469.027000000001
2022-12-09,0.00393777,6244.64,6159.5,6192.3,6155.688,6033.807999999999,6130.6835,6453.8385
2022-12-16,-0.0192882,6182.08,6036.05,6072.86,6142.536,6069.688,6119.85,6436.863833333334
2022-12-23,-0.0509672,6081.44,5732.47,5763.35,6056.876,6048.678999999999,6093.312,6415.850333333333
2022-12-30,0.0175456,5895.98,5769.07,5864.47,6012.198,6039.438,6073.01,6396.490333333333
2023-01-06,0.0252961,6050.89,5848.15,6012.82,5981.160000000001,6062.539999999999,6052.6085,6379.662333333333
2023-01-13,0.00746323,6070.45,5995.91,6057.69,5954.237999999999,6054.963,6035.907,6364.092000000001
2023-01-20,0.0319831,6253.27,6068.14,6251.43,5989.952,6066.244000000001,6033.56,6349.005666666667
2023-02-03,0.014757,6402.26,6259.53,6343.69,6106.0199999999995,6081.448,6043.272999999999,6335.235833333334
2023-02-10,-0.00148716,6368.49,6250.45,6334.25,6199.976,6106.087,6044.137,6320.475666666667
2023-02-17,-0.0152894,6429.05,6237.41,6237.41,6244.893999999999,6113.027,6058.282499999999,6302.733833333333
2023-02-24,0.0165835,6397.15,6227.35,6340.84,6301.523999999999,6127.881,6080.8445,6286.637000000001
2023-03-03,0.00780246,6410.52,6288.3,6390.32,6329.302,6159.627,6114.657499999999,6271.233000000001
2023-03-10,-0.0290156,6405.82,6202.61,6204.9,6301.544,6203.781999999999,6126.2305,6253.335333333333
2023-03-17,-0.00349959,6254.49,6127.69,6183.18,6271.33,6235.653,6137.5455,6233.731666666666
2023-03-24,0.0205256,6315.68,6152.81,6310.1,6285.868,6265.381,6163.960499999999,6219.305333333334
2023-03-31,0.00470997,6343.23,6213.97,6339.82,6285.664,6293.594,6174.2785,6206.95
2023-04-07,0.0196611,6470.09,6346.69,6464.47,6300.494000000001,6314.897999999999,6190.571,6198.4141666666665
2023-04-14,-0.00516634,6476.22,6381.06,6431.07,6345.728,6323.636,6202.5419999999995,6195.9231666666665
